,Airline,Flight Number,Date of Departure,From,To,Duration,Total Stops,Price
0,Air Asia,I5-764,"Sun, Feb 13",New Delhi,Mumbai,2h 10m,Non Stop,"2,410"
1,IndiGo,6E-5001,"Sun, Feb 13",New Delhi,Mumbai,2h 10m,Non Stop,"2,410"
2,IndiGo,6E-6202,"Sun, Feb 13",New Delhi,Mumbai,2h 10m,Non Stop,"2,410"
3,IndiGo,6E-2046,"Sun, Feb 13",New Delhi,Mumbai,2h 10m,Non Stop,"2,410"
4,IndiGo,6E-5041,"Sun, Feb 13",New Delhi,Mumbai,2h 10m,Non Stop,"2,410"
5,IndiGo,6E-549,"Sun, Feb 13",New Delhi,Mumbai,2h 15m,Non Stop,"2,410"
6,Air Asia,I5-482,"Sun, Feb 13",New Delhi,Mumbai,2h 15m,Non Stop,"2,410"
7,IndiGo,6E-6722,"Sun, Feb 13",New Delhi,Mumbai,2h 15m,Non Stop,"2,410"
8,IndiGo,6E-6278,"Sun, Feb 13",New Delhi,Mumbai,2h 20m,Non Stop,"2,410"
9,IndiGo,6E-5328,"Sun, Feb 13",New Delhi,Mumbai,2h 30m,Non Stop,"2,410"
10,IndiGo,6E-2331/905,"Sun, Mar 6",New Delhi,Goa,7h 10m,1 Stop,"3,288"
11,IndiGo,6E-967/6433,"Sun, Mar 6",New Delhi,Goa,5h 50m,1 Stop,"3,626"
12,IndiGo,6E-2247/793,"Sun, Mar 6",New Delhi,Goa,6h 25m,1 Stop,"3,626"
13,IndiGo,6E-2005/793,"Sun, Mar 6",New Delhi,Goa,7h 45m,1 Stop,"3,626"
14,IndiGo,6E-6205/992,"Sun, Mar 6",New Delhi,Goa,7h 55m,1 Stop,"3,626"
15,Go First,G8-7555/571,"Sun, Mar 6",New Delhi,Goa,9h 00m,1 Stop,"3,882"
16,Go First,G8-7535/384,"Sun, Mar 6",New Delhi,Goa,6h 25m,1 Stop,"3,894"
17,Go First,G8-7534/384,"Sun, Mar 6",New Delhi,Goa,7h 55m,1 Stop,"3,894"
18,Go First,G8-392/384,"Sun, Mar 6",New Delhi,Goa,8h 25m,1 Stop,"3,894"
19,Go First,G8-336/384,"Sun, Mar 6",New Delhi,Goa,9h 05m,1 Stop,"3,894"
20,IndiGo,6E-5012,"Wed, Apr 13",New Delhi,Chennai,2h 55m,Non Stop,"1,999"
21,Vistara,UK-833,"Wed, Apr 13",New Delhi,Chennai,2h 45m,Non Stop,"2,049"
22,IndiGo,6E-6231/756,"Wed, Apr 13",New Delhi,Chennai,5h 35m,1 Stop,"2,050"
23,IndiGo,6E-6205/102,"Wed, Apr 13",New Delhi,Chennai,5h 55m,1 Stop,"2,050"
24,IndiGo,6E-552/514,"Wed, Apr 13",New Delhi,Chennai,7h 15m,1 Stop,"2,050"
25,IndiGo,6E-6205/6174,"Wed, Apr 13",New Delhi,Chennai,7h 20m,1 Stop,"2,050"
26,IndiGo,6E-2331/514,"Wed, Apr 13",New Delhi,Chennai,8h 30m,1 Stop,"2,050"
27,IndiGo,6E-6205/6216,"Wed, Apr 13",New Delhi,Chennai,9h 05m,1 Stop,"2,050"
28,IndiGo,6E-552/668,"Wed, Apr 13",New Delhi,Chennai,9h 35m,1 Stop,"2,050"
29,IndiGo,6E-2331/668,"Wed, Apr 13",New Delhi,Chennai,10h 50m,1 Stop,"2,050"
30,IndiGo,6E-2147/413,"Sun, Mar 20",New Delhi,Bangalore,11h 00m,1 Stop,"2,810"
31,IndiGo,6E-2331/827,"Sun, Mar 20",New Delhi,Bangalore,6h 35m,1 Stop,"2,863"
32,IndiGo,6E-221/681,"Sun, Mar 20",New Delhi,Bangalore,5h 15m,1 Stop,"3,091"
33,IndiGo,6E-2769/302,"Sun, Mar 20",New Delhi,Bangalore,6h 15m,1 Stop,"3,091"
34,IndiGo,6E-2753/103,"Sun, Mar 20",New Delhi,Bangalore,6h 30m,1 Stop,"3,091"
35,IndiGo,6E-2753/681,"Sun, Mar 20",New Delhi,Bangalore,9h 10m,1 Stop,"3,091"
36,IndiGo,6E-2471/302,"Sun, Mar 20",New Delhi,Bangalore,10h 50m,1 Stop,"3,091"
37,Vistara,UK-811,"Sun, Mar 20",New Delhi,Bangalore,2h 45m,Non Stop,"3,169"
38,Vistara,UK-815,"Sun, Mar 20",New Delhi,Bangalore,2h 45m,Non Stop,"3,169"
39,Vistara,UK-801,"Sun, Mar 20",New Delhi,Bangalore,2h 45m,Non Stop,"3,169"
40,Air India,AI-544,"Wed, Mar 2",New Delhi,Hyderabad,2h 05m,Non Stop,"2,098"
41,Air India,AI-542,"Wed, Mar 2",New Delhi,Hyderabad,2h 10m,Non Stop,"2,098"
42,Air India,AI-839,"Wed, Mar 2",New Delhi,Hyderabad,2h 10m,Non Stop,"2,098"
43,Air India,AI-837,"Wed, Mar 2",New Delhi,Hyderabad,2h 15m,Non Stop,"2,098"
44,Air India,AI-560,"Wed, Mar 2",New Delhi,Hyderabad,2h 20m,Non Stop,"2,098"
45,IndiGo,6E-2843/6266,"Wed, Mar 2",New Delhi,Hyderabad,5h 35m,1 Stop,"2,098"
46,IndiGo,6E-2479/7137,"Wed, Mar 2",New Delhi,Hyderabad,7h 00m,1 Stop,"2,098"
47,IndiGo,6E-2618/6266,"Wed, Mar 2",New Delhi,Hyderabad,7h 35m,1 Stop,"2,098"
48,IndiGo,6E-397/6266,"Wed, Mar 2",New Delhi,Hyderabad,8h 45m,1 Stop,"2,098"
49,IndiGo,6E-369/752,"Wed, Mar 2",New Delhi,Hyderabad,9h 05m,1 Stop,"2,098"
50,Go First,G8-188/163,"Tue, Apr 12",New Delhi,Kolkata,4h 55m,1 Stop,"2,112"
51,Go First,G8-268/163,"Tue, Apr 12",New Delhi,Kolkata,9h 35m,1 Stop,"2,112"
52,IndiGo,6E-2513,"Tue, Apr 12",New Delhi,Kolkata,2h 05m,Non Stop,"2,480"
53,IndiGo,6E-282,"Tue, Apr 12",New Delhi,Kolkata,2h 05m,Non Stop,"2,480"
54,IndiGo,6E-6271,"Tue, Apr 12",New Delhi,Kolkata,2h 05m,Non Stop,"2,480"
55,IndiGo,6E-2841,"Tue, Apr 12",New Delhi,Kolkata,2h 05m,Non Stop,"2,480"
56,IndiGo,6E-353,"Tue, Apr 12",New Delhi,Kolkata,2h 10m,Non Stop,"2,480"
57,IndiGo,6E-2016,"Tue, Apr 12",New Delhi,Kolkata,2h 15m,Non Stop,"2,480"
58,IndiGo,6E-947/104,"Tue, Apr 12",New Delhi,Kolkata,6h 00m,1 Stop,"2,480"
59,IndiGo,6E-5037/323,"Tue, Apr 12",New Delhi,Kolkata,8h 45m,1 Stop,"2,480"
60,SpiceJet,SG-8253/8263,"Sat, Feb 5",New Delhi,Port Blair,15h 10m,1 Stop,"9,348"
61,Go First,G8-103/101,"Sat, Feb 5",New Delhi,Port Blair,15h 35m,1 Stop,"9,354"
62,SpiceJet,SG-8263,"Sat, Feb 5",New Delhi,Port Blair,5h 00m,1 Stop,"9,498"
63,Air India,AI-540/549,"Sat, Feb 5",New Delhi,Port Blair,11h 35m,1 Stop,"10,208"
64,Air India,AI-537/549,"Sat, Feb 5",New Delhi,Port Blair,16h 00m,1 Stop,"10,208"
65,Air India,AI-429/549,"Sat, Feb 5",New Delhi,Port Blair,22h 25m,1 Stop,"10,208"
66,Air India,AI-439/549,"Sat, Feb 5",New Delhi,Port Blair,26h 10m,1 Stop,"10,208"
67,Vistara,UK-727/747,"Sat, Feb 5",New Delhi,Port Blair,15h 05m,1 Stop,"10,607"
68,Vistara,UK-747,"Sat, Feb 5",New Delhi,Port Blair,5h 05m,1 Stop,"10,680"
69,Vistara,UK-707/747,"Sat, Feb 5",New Delhi,Port Blair,18h 05m,1 Stop,"10,712"
70,IndiGo,6E-2022,"Mon, Mar 21",New Delhi,Patna,1h 30m,Non Stop,"2,190"
71,IndiGo,6E-5336,"Mon, Mar 21",New Delhi,Patna,1h 30m,Non Stop,"2,190"
72,IndiGo,6E-5003,"Mon, Mar 21",New Delhi,Patna,1h 35m,Non Stop,"2,190"
73,Air India,AI-409,"Mon, Mar 21",New Delhi,Patna,1h 35m,Non Stop,"2,190"
74,IndiGo,6E-761,"Mon, Mar 21",New Delhi,Patna,1h 40m,Non Stop,"2,190"
75,Air India,AI-415,"Mon, Mar 21",New Delhi,Patna,1h 40m,Non Stop,"2,190"
76,IndiGo,6E-2043,"Mon, Mar 21",New Delhi,Patna,1h 45m,Non Stop,"2,190"
77,IndiGo,6E-2323,"Mon, Mar 21",New Delhi,Patna,1h 45m,Non Stop,"2,190"
78,IndiGo,6E-397/6277,"Mon, Mar 21",New Delhi,Patna,4h 40m,1 Stop,"2,190"
79,IndiGo,6E-2346/6277,"Mon, Mar 21",New Delhi,Patna,9h 25m,1 Stop,"2,190"
80,SpiceJet,SG-8185,"Fri, Mar 25",New Delhi,Pune,2h 20m,Non Stop,"2,244"
81,Air Asia,I5-768,"Fri, Mar 25",New Delhi,Pune,2h 00m,Non Stop,"2,246"
82,IndiGo,6E-2471,"Fri, Mar 25",New Delhi,Pune,2h 05m,Non Stop,"2,246"
83,IndiGo,6E-2769,"Fri, Mar 25",New Delhi,Pune,2h 05m,Non Stop,"2,246"
84,IndiGo,6E-221,"Fri, Mar 25",New Delhi,Pune,2h 05m,Non Stop,"2,246"
85,Air Asia,I5-737,"Fri, Mar 25",New Delhi,Pune,2h 05m,Non Stop,"2,246"
86,IndiGo,6E-186,"Fri, Mar 25",New Delhi,Pune,2h 15m,Non Stop,"2,246"
87,IndiGo,6E-2753,"Fri, Mar 25",New Delhi,Pune,2h 35m,Non Stop,"2,246"
88,IndiGo,6E-198/217,"Fri, Mar 25",New Delhi,Pune,8h 35m,1 Stop,"2,246"
89,IndiGo,6E-5241/367,"Fri, Mar 25",New Delhi,Pune,11h 05m,1 Stop,"2,246"
90,SpiceJet,SG-8152,"Sun, Feb 27",New Delhi,Guwahati,2h 20m,Non Stop,"2,898"
91,Air Asia,I5-783,"Sun, Feb 27",New Delhi,Guwahati,2h 10m,Non Stop,"2,900"
92,IndiGo,6E-2751,"Sun, Feb 27",New Delhi,Guwahati,2h 10m,Non Stop,"2,900"
93,IndiGo,6E-889,"Sun, Feb 27",New Delhi,Guwahati,2h 10m,Non Stop,"2,900"
94,IndiGo,6E-5031,"Sun, Feb 27",New Delhi,Guwahati,2h 20m,Non Stop,"2,900"
95,Go First,G8-152,"Sun, Feb 27",New Delhi,Guwahati,2h 20m,Non Stop,"2,900"
96,Air Asia,I5-792,"Sun, Feb 27",New Delhi,Guwahati,2h 20m,Non Stop,"2,900"
97,Go First,G8-157,"Sun, Feb 27",New Delhi,Guwahati,2h 20m,Non Stop,"2,900"
98,Air Asia,I5-776,"Sun, Feb 27",New Delhi,Guwahati,2h 25m,Non Stop,"2,900"
99,Air Asia,I5-787,"Sun, Feb 27",New Delhi,Guwahati,2h 30m,Non Stop,"2,900"
100,Air Asia,I5-764,"Sun, Feb 13",New Delhi,Mumbai,2h 10m,Non Stop,"2,410"
101,IndiGo,6E-5001,"Sun, Feb 13",New Delhi,Mumbai,2h 10m,Non Stop,"2,410"
102,IndiGo,6E-6202,"Sun, Feb 13",New Delhi,Mumbai,2h 10m,Non Stop,"2,410"
103,IndiGo,6E-2046,"Sun, Feb 13",New Delhi,Mumbai,2h 10m,Non Stop,"2,410"
104,IndiGo,6E-5041,"Sun, Feb 13",New Delhi,Mumbai,2h 10m,Non Stop,"2,410"
105,IndiGo,6E-549,"Sun, Feb 13",New Delhi,Mumbai,2h 15m,Non Stop,"2,410"
106,Air Asia,I5-482,"Sun, Feb 13",New Delhi,Mumbai,2h 15m,Non Stop,"2,410"
107,IndiGo,6E-6722,"Sun, Feb 13",New Delhi,Mumbai,2h 15m,Non Stop,"2,410"
108,IndiGo,6E-6278,"Sun, Feb 13",New Delhi,Mumbai,2h 20m,Non Stop,"2,410"
109,IndiGo,6E-5328,"Sun, Feb 13",New Delhi,Mumbai,2h 30m,Non Stop,"2,410"
110,IndiGo,6E-2331/905,"Sun, Mar 6",New Delhi,Goa,7h 10m,1 Stop,"3,288"
111,IndiGo,6E-967/6433,"Sun, Mar 6",New Delhi,Goa,5h 50m,1 Stop,"3,626"
112,IndiGo,6E-2247/793,"Sun, Mar 6",New Delhi,Goa,6h 25m,1 Stop,"3,626"
113,IndiGo,6E-2005/793,"Sun, Mar 6",New Delhi,Goa,7h 45m,1 Stop,"3,626"
114,IndiGo,6E-6205/992,"Sun, Mar 6",New Delhi,Goa,7h 55m,1 Stop,"3,626"
115,Go First,G8-7555/571,"Sun, Mar 6",New Delhi,Goa,9h 00m,1 Stop,"3,882"
116,Go First,G8-7535/384,"Sun, Mar 6",New Delhi,Goa,6h 25m,1 Stop,"3,894"
117,Go First,G8-7534/384,"Sun, Mar 6",New Delhi,Goa,7h 55m,1 Stop,"3,894"
118,Go First,G8-392/384,"Sun, Mar 6",New Delhi,Goa,8h 25m,1 Stop,"3,894"
119,Go First,G8-336/384,"Sun, Mar 6",New Delhi,Goa,9h 05m,1 Stop,"3,894"
120,IndiGo,6E-5012,"Wed, Apr 13",New Delhi,Chennai,2h 55m,Non Stop,"1,999"
121,Vistara,UK-833,"Wed, Apr 13",New Delhi,Chennai,2h 45m,Non Stop,"2,049"
122,IndiGo,6E-6231/756,"Wed, Apr 13",New Delhi,Chennai,5h 35m,1 Stop,"2,050"
123,IndiGo,6E-6205/102,"Wed, Apr 13",New Delhi,Chennai,5h 55m,1 Stop,"2,050"
124,IndiGo,6E-552/514,"Wed, Apr 13",New Delhi,Chennai,7h 15m,1 Stop,"2,050"
125,IndiGo,6E-6205/6174,"Wed, Apr 13",New Delhi,Chennai,7h 20m,1 Stop,"2,050"
126,IndiGo,6E-2331/514,"Wed, Apr 13",New Delhi,Chennai,8h 30m,1 Stop,"2,050"
127,IndiGo,6E-6205/6216,"Wed, Apr 13",New Delhi,Chennai,9h 05m,1 Stop,"2,050"
128,IndiGo,6E-552/668,"Wed, Apr 13",New Delhi,Chennai,9h 35m,1 Stop,"2,050"
129,IndiGo,6E-2331/668,"Wed, Apr 13",New Delhi,Chennai,10h 50m,1 Stop,"2,050"
130,IndiGo,6E-2147/413,"Sun, Mar 20",New Delhi,Bangalore,11h 00m,1 Stop,"2,810"
131,IndiGo,6E-2331/827,"Sun, Mar 20",New Delhi,Bangalore,6h 35m,1 Stop,"2,863"
132,IndiGo,6E-221/681,"Sun, Mar 20",New Delhi,Bangalore,5h 15m,1 Stop,"3,091"
133,IndiGo,6E-2769/302,"Sun, Mar 20",New Delhi,Bangalore,6h 15m,1 Stop,"3,091"
134,IndiGo,6E-2753/103,"Sun, Mar 20",New Delhi,Bangalore,6h 30m,1 Stop,"3,091"
135,IndiGo,6E-2753/681,"Sun, Mar 20",New Delhi,Bangalore,9h 10m,1 Stop,"3,091"
136,IndiGo,6E-2471/302,"Sun, Mar 20",New Delhi,Bangalore,10h 50m,1 Stop,"3,091"
137,Vistara,UK-811,"Sun, Mar 20",New Delhi,Bangalore,2h 45m,Non Stop,"3,169"
138,Vistara,UK-815,"Sun, Mar 20",New Delhi,Bangalore,2h 45m,Non Stop,"3,169"
139,Vistara,UK-801,"Sun, Mar 20",New Delhi,Bangalore,2h 45m,Non Stop,"3,169"
140,Air India,AI-544,"Wed, Mar 2",New Delhi,Hyderabad,2h 05m,Non Stop,"2,098"
141,Air India,AI-542,"Wed, Mar 2",New Delhi,Hyderabad,2h 10m,Non Stop,"2,098"
142,Air India,AI-839,"Wed, Mar 2",New Delhi,Hyderabad,2h 10m,Non Stop,"2,098"
143,Air India,AI-837,"Wed, Mar 2",New Delhi,Hyderabad,2h 15m,Non Stop,"2,098"
144,Air India,AI-560,"Wed, Mar 2",New Delhi,Hyderabad,2h 20m,Non Stop,"2,098"
145,IndiGo,6E-2843/6266,"Wed, Mar 2",New Delhi,Hyderabad,5h 35m,1 Stop,"2,098"
146,IndiGo,6E-2479/7137,"Wed, Mar 2",New Delhi,Hyderabad,7h 00m,1 Stop,"2,098"
147,IndiGo,6E-2618/6266,"Wed, Mar 2",New Delhi,Hyderabad,7h 35m,1 Stop,"2,098"
148,IndiGo,6E-397/6266,"Wed, Mar 2",New Delhi,Hyderabad,8h 45m,1 Stop,"2,098"
149,IndiGo,6E-369/752,"Wed, Mar 2",New Delhi,Hyderabad,9h 05m,1 Stop,"2,098"
150,Go First,G8-188/163,"Tue, Apr 12",New Delhi,Kolkata,4h 55m,1 Stop,"2,112"
151,Go First,G8-268/163,"Tue, Apr 12",New Delhi,Kolkata,9h 35m,1 Stop,"2,112"
152,IndiGo,6E-2513,"Tue, Apr 12",New Delhi,Kolkata,2h 05m,Non Stop,"2,480"
153,IndiGo,6E-282,"Tue, Apr 12",New Delhi,Kolkata,2h 05m,Non Stop,"2,480"
154,IndiGo,6E-6271,"Tue, Apr 12",New Delhi,Kolkata,2h 05m,Non Stop,"2,480"
155,IndiGo,6E-2841,"Tue, Apr 12",New Delhi,Kolkata,2h 05m,Non Stop,"2,480"
156,IndiGo,6E-353,"Tue, Apr 12",New Delhi,Kolkata,2h 10m,Non Stop,"2,480"
157,IndiGo,6E-2016,"Tue, Apr 12",New Delhi,Kolkata,2h 15m,Non Stop,"2,480"
158,IndiGo,6E-947/104,"Tue, Apr 12",New Delhi,Kolkata,6h 00m,1 Stop,"2,480"
159,IndiGo,6E-5037/323,"Tue, Apr 12",New Delhi,Kolkata,8h 45m,1 Stop,"2,480"
160,SpiceJet,SG-8253/8263,"Sat, Feb 5",New Delhi,Port Blair,15h 10m,1 Stop,"9,348"
161,Go First,G8-103/101,"Sat, Feb 5",New Delhi,Port Blair,15h 35m,1 Stop,"9,354"
162,SpiceJet,SG-8263,"Sat, Feb 5",New Delhi,Port Blair,5h 00m,1 Stop,"9,498"
163,Air India,AI-540/549,"Sat, Feb 5",New Delhi,Port Blair,11h 35m,1 Stop,"10,208"
164,Air India,AI-537/549,"Sat, Feb 5",New Delhi,Port Blair,16h 00m,1 Stop,"10,208"
165,Air India,AI-429/549,"Sat, Feb 5",New Delhi,Port Blair,22h 25m,1 Stop,"10,208"
166,Air India,AI-439/549,"Sat, Feb 5",New Delhi,Port Blair,26h 10m,1 Stop,"10,208"
167,Vistara,UK-727/747,"Sat, Feb 5",New Delhi,Port Blair,15h 05m,1 Stop,"10,607"
168,Vistara,UK-747,"Sat, Feb 5",New Delhi,Port Blair,5h 05m,1 Stop,"10,680"
169,Vistara,UK-707/747,"Sat, Feb 5",New Delhi,Port Blair,18h 05m,1 Stop,"10,712"
170,IndiGo,6E-2022,"Mon, Mar 21",New Delhi,Patna,1h 30m,Non Stop,"2,190"
171,IndiGo,6E-5336,"Mon, Mar 21",New Delhi,Patna,1h 30m,Non Stop,"2,190"
172,IndiGo,6E-5003,"Mon, Mar 21",New Delhi,Patna,1h 35m,Non Stop,"2,190"
173,Air India,AI-409,"Mon, Mar 21",New Delhi,Patna,1h 35m,Non Stop,"2,190"
174,IndiGo,6E-761,"Mon, Mar 21",New Delhi,Patna,1h 40m,Non Stop,"2,190"
175,Air India,AI-415,"Mon, Mar 21",New Delhi,Patna,1h 40m,Non Stop,"2,190"
176,IndiGo,6E-2043,"Mon, Mar 21",New Delhi,Patna,1h 45m,Non Stop,"2,190"
177,IndiGo,6E-2323,"Mon, Mar 21",New Delhi,Patna,1h 45m,Non Stop,"2,190"
178,IndiGo,6E-397/6277,"Mon, Mar 21",New Delhi,Patna,4h 40m,1 Stop,"2,190"
179,IndiGo,6E-2346/6277,"Mon, Mar 21",New Delhi,Patna,9h 25m,1 Stop,"2,190"
180,SpiceJet,SG-8185,"Fri, Mar 25",New Delhi,Pune,2h 20m,Non Stop,"2,244"
181,Air Asia,I5-768,"Fri, Mar 25",New Delhi,Pune,2h 00m,Non Stop,"2,246"
182,IndiGo,6E-2471,"Fri, Mar 25",New Delhi,Pune,2h 05m,Non Stop,"2,246"
183,IndiGo,6E-2769,"Fri, Mar 25",New Delhi,Pune,2h 05m,Non Stop,"2,246"
184,IndiGo,6E-221,"Fri, Mar 25",New Delhi,Pune,2h 05m,Non Stop,"2,246"
185,Air Asia,I5-737,"Fri, Mar 25",New Delhi,Pune,2h 05m,Non Stop,"2,246"
186,IndiGo,6E-186,"Fri, Mar 25",New Delhi,Pune,2h 15m,Non Stop,"2,246"
187,IndiGo,6E-2753,"Fri, Mar 25",New Delhi,Pune,2h 35m,Non Stop,"2,246"
188,IndiGo,6E-198/217,"Fri, Mar 25",New Delhi,Pune,8h 35m,1 Stop,"2,246"
189,IndiGo,6E-5241/367,"Fri, Mar 25",New Delhi,Pune,11h 05m,1 Stop,"2,246"
190,SpiceJet,SG-8152,"Sun, Feb 27",New Delhi,Guwahati,2h 20m,Non Stop,"2,898"
191,Air Asia,I5-783,"Sun, Feb 27",New Delhi,Guwahati,2h 10m,Non Stop,"2,900"
192,IndiGo,6E-2751,"Sun, Feb 27",New Delhi,Guwahati,2h 10m,Non Stop,"2,900"
193,IndiGo,6E-889,"Sun, Feb 27",New Delhi,Guwahati,2h 10m,Non Stop,"2,900"
194,IndiGo,6E-5031,"Sun, Feb 27",New Delhi,Guwahati,2h 20m,Non Stop,"2,900"
195,Go First,G8-152,"Sun, Feb 27",New Delhi,Guwahati,2h 20m,Non Stop,"2,900"
196,Air Asia,I5-792,"Sun, Feb 27",New Delhi,Guwahati,2h 20m,Non Stop,"2,900"
197,Go First,G8-157,"Sun, Feb 27",New Delhi,Guwahati,2h 20m,Non Stop,"2,900"
198,Air Asia,I5-776,"Sun, Feb 27",New Delhi,Guwahati,2h 25m,Non Stop,"2,900"
199,Air Asia,I5-787,"Sun, Feb 27",New Delhi,Guwahati,2h 30m,Non Stop,"2,900"
200,IndiGo,6E-5349,"Sat, Mar 26",Mumbai,Varanasi,2h 20m,Non Stop,"3,402"
201,Air India,AI-695,"Sat, Mar 26",Mumbai,Varanasi,2h 25m,Non Stop,"3,402"
202,IndiGo,6E-5209/915,"Sat, Mar 26",Mumbai,Varanasi,4h 55m,1 Stop,"3,402"
203,IndiGo,6E-168/6195,"Sat, Mar 26",Mumbai,Varanasi,5h 05m,1 Stop,"3,402"
204,IndiGo,6E-5017/6195,"Sat, Mar 26",Mumbai,Varanasi,6h 45m,1 Stop,"3,402"
205,IndiGo,6E-6201/6195,"Sat, Mar 26",Mumbai,Varanasi,8h 20m,1 Stop,"3,402"
206,IndiGo,6E-6721/6195,"Sat, Mar 26",Mumbai,Varanasi,9h 05m,1 Stop,"3,402"
207,IndiGo,6E-2047/6195,"Sat, Mar 26",Mumbai,Varanasi,9h 45m,1 Stop,"3,402"
208,IndiGo,6E-168/596,"Sat, Mar 26",Mumbai,Varanasi,9h 50m,1 Stop,"3,402"
209,IndiGo,6E-5017/596,"Sat, Mar 26",Mumbai,Varanasi,11h 30m,1 Stop,"3,402"
210,IndiGo,6E-5017/6636,"Wed, Mar 2",Mumbai,Chandigarh,5h 40m,1 Stop,"3,198"
211,IndiGo,6E-6201/6636,"Wed, Mar 2",Mumbai,Chandigarh,7h 15m,1 Stop,"3,198"
212,IndiGo,6E-6721/6636,"Wed, Mar 2",Mumbai,Chandigarh,8h 00m,1 Stop,"3,198"
213,IndiGo,6E-2047/6636,"Wed, Mar 2",Mumbai,Chandigarh,8h 40m,1 Stop,"3,198"
214,Vistara,UK-653,"Wed, Mar 2",Mumbai,Chandigarh,2h 20m,Non Stop,"3,300"
215,Vistara,UK-651,"Wed, Mar 2",Mumbai,Chandigarh,2h 25m,Non Stop,"3,300"
216,IndiGo,6E-5209/108,"Wed, Mar 2",Mumbai,Chandigarh,6h 20m,1 Stop,"3,300"
217,IndiGo,6E-6463/6512,"Wed, Mar 2",Mumbai,Chandigarh,6h 55m,1 Stop,"3,300"
218,IndiGo,6E-832/6552,"Wed, Mar 2",Mumbai,Chandigarh,9h 25m,1 Stop,"3,300"
219,IndiGo,6E-6463/851,"Wed, Mar 2",Mumbai,Chandigarh,12h 05m,1 Stop,"3,300"
220,IndiGo,6E-6234/817,"Sun, Apr 10",Mumbai,New Delhi,4h 05m,1 Stop,"2,337"
221,IndiGo,6E-6084/158,"Sun, Apr 10",Mumbai,New Delhi,5h 20m,1 Stop,"2,337"
222,IndiGo,6E-5361/6685,"Sun, Apr 10",Mumbai,New Delhi,5h 25m,1 Stop,"2,337"
223,IndiGo,6E-6084/6288,"Sun, Apr 10",Mumbai,New Delhi,7h 10m,1 Stop,"2,337"
224,IndiGo,6E-5361/6299,"Sun, Apr 10",Mumbai,New Delhi,7h 25m,1 Stop,"2,337"
225,IndiGo,6E-5381/817,"Sun, Apr 10",Mumbai,New Delhi,8h 05m,1 Stop,"2,337"
226,IndiGo,6E-6084/5011,"Sun, Apr 10",Mumbai,New Delhi,8h 55m,1 Stop,"2,337"
227,IndiGo,6E-6234/6246,"Sun, Apr 10",Mumbai,New Delhi,9h 25m,1 Stop,"2,337"
228,IndiGo,6E-5372/2012,"Sun, Apr 10",Mumbai,New Delhi,10h 50m,1 Stop,"2,337"
229,IndiGo,6E-6222/2279,"Sun, Apr 10",Mumbai,New Delhi,11h 00m,1 Stop,"2,337"
230,Air India,AI-685,"Fri, Feb 25",Mumbai,Goa,1h 20m,Non Stop,"1,890"
231,Go First,G8-382,"Fri, Feb 25",Mumbai,Goa,1h 10m,Non Stop,"1,998"
232,Go First,G8-575,"Fri, Feb 25",Mumbai,Goa,1h 15m,Non Stop,"1,998"
233,Go First,G8-331,"Fri, Feb 25",Mumbai,Goa,1h 15m,Non Stop,"1,998"
234,Go First,G8-384,"Fri, Feb 25",Mumbai,Goa,1h 20m,Non Stop,"1,998"
235,Go First,G8-371,"Fri, Feb 25",Mumbai,Goa,1h 25m,Non Stop,"1,998"
236,Air Asia,I5-471,"Fri, Feb 25",Mumbai,Goa,1h 00m,Non Stop,"2,000"
237,Air Asia,I5-620,"Fri, Feb 25",Mumbai,Goa,1h 10m,Non Stop,"2,000"
238,IndiGo,6E-5202,"Fri, Feb 25",Mumbai,Goa,1h 10m,Non Stop,"2,000"
239,IndiGo,6E-711,"Fri, Feb 25",Mumbai,Goa,1h 10m,Non Stop,"2,000"
240,SpiceJet,SG-241,"Sun, Mar 20",Mumbai,Kolkata,2h 40m,Non Stop,"2,832"
241,Go First,G8-511,"Sun, Mar 20",Mumbai,Kolkata,2h 30m,Non Stop,"2,834"
242,Go First,G8-520,"Sun, Mar 20",Mumbai,Kolkata,2h 35m,Non Stop,"2,834"
243,IndiGo,6E-6088,"Sun, Mar 20",Mumbai,Kolkata,2h 30m,Non Stop,"2,835"
244,IndiGo,6E-5343,"Sun, Mar 20",Mumbai,Kolkata,2h 30m,Non Stop,"2,835"
245,Vistara,UK-771,"Sun, Mar 20",Mumbai,Kolkata,2h 40m,Non Stop,"2,835"
246,Vistara,UK-775,"Sun, Mar 20",Mumbai,Kolkata,2h 50m,Non Stop,"2,835"
247,Air India,AI-673,"Sun, Mar 20",Mumbai,Kolkata,4h 15m,1 Stop,"2,835"
248,IndiGo,6E-5209/6358,"Sun, Mar 20",Mumbai,Kolkata,7h 05m,1 Stop,"3,233"
249,IndiGo,6E-6818/165,"Sun, Mar 20",Mumbai,Kolkata,11h 20m,1 Stop,"3,515"
250,IndiGo,6E-5017/125,"Sat, Mar 19",Mumbai,Dehradun,5h 20m,1 Stop,"3,700"
251,IndiGo,6E-168/2017,"Sat, Mar 19",Mumbai,Dehradun,6h 15m,1 Stop,"3,700"
252,IndiGo,6E-6201/125,"Sat, Mar 19",Mumbai,Dehradun,6h 55m,1 Stop,"3,700"
253,IndiGo,6E-6721/125,"Sat, Mar 19",Mumbai,Dehradun,7h 40m,1 Stop,"3,700"
254,IndiGo,6E-5017/2017,"Sat, Mar 19",Mumbai,Dehradun,7h 55m,1 Stop,"3,700"
255,IndiGo,6E-2047/125,"Sat, Mar 19",Mumbai,Dehradun,8h 20m,1 Stop,"3,700"
256,IndiGo,6E-6201/2017,"Sat, Mar 19",Mumbai,Dehradun,9h 30m,1 Stop,"3,700"
257,IndiGo,6E-6721/2017,"Sat, Mar 19",Mumbai,Dehradun,10h 15m,1 Stop,"3,700"
258,IndiGo,6E-2518/6034,"Sat, Mar 19",Mumbai,Dehradun,10h 40m,1 Stop,"3,700"
259,IndiGo,6E-2047/2017,"Sat, Mar 19",Mumbai,Dehradun,10h 55m,1 Stop,"3,700"
260,Go First,G8-2603,"Sat, Feb 5",Mumbai,Coimbatore,1h 50m,Non Stop,"5,102"
261,Air India,AI-679,"Sat, Feb 5",Mumbai,Coimbatore,3h 05m,1 Stop,"5,103"
262,IndiGo,6E-5308/6002,"Sat, Feb 5",Mumbai,Coimbatore,4h 40m,1 Stop,"5,103"
263,IndiGo,6E-5366/6992,"Sat, Feb 5",Mumbai,Coimbatore,6h 35m,1 Stop,"5,103"
264,IndiGo,6E-354/762,"Sat, Feb 5",Mumbai,Coimbatore,6h 55m,1 Stop,"5,103"
265,IndiGo,6E-5338/6992,"Sat, Feb 5",Mumbai,Coimbatore,7h 35m,1 Stop,"5,103"
266,IndiGo,6E-5312/762,"Sat, Feb 5",Mumbai,Coimbatore,8h 55m,1 Stop,"5,103"
267,IndiGo,6E-6463/6992,"Sat, Feb 5",Mumbai,Coimbatore,9h 10m,1 Stop,"5,103"
268,IndiGo,6E-5307/6002,"Sat, Feb 5",Mumbai,Coimbatore,9h 25m,1 Stop,"5,103"
269,IndiGo,6E-5398,"Sat, Feb 5",Mumbai,Coimbatore,1h 45m,Non Stop,"6,048"
270,IndiGo,6E-5352,"Thu, Apr 14",Mumbai,Bangalore,1h 35m,Non Stop,"2,124"
271,IndiGo,6E-5338,"Thu, Apr 14",Mumbai,Bangalore,1h 45m,Non Stop,"2,124"
272,IndiGo,6E-6478,"Thu, Apr 14",Mumbai,Bangalore,1h 45m,Non Stop,"2,124"
273,IndiGo,6E-219,"Thu, Apr 14",Mumbai,Bangalore,1h 45m,Non Stop,"2,124"
274,IndiGo,6E-236,"Thu, Apr 14",Mumbai,Bangalore,1h 45m,Non Stop,"2,124"
275,IndiGo,6E-825,"Thu, Apr 14",Mumbai,Bangalore,1h 45m,Non Stop,"2,124"
276,IndiGo,6E-6463,"Thu, Apr 14",Mumbai,Bangalore,1h 50m,Non Stop,"2,124"
277,IndiGo,6E-6293,"Thu, Apr 14",Mumbai,Bangalore,1h 50m,Non Stop,"2,124"
278,IndiGo,6E-5345,"Thu, Apr 14",Mumbai,Bangalore,1h 55m,Non Stop,"2,124"
279,IndiGo,6E-739,"Thu, Apr 14",Mumbai,Bangalore,1h 55m,Non Stop,"2,124"
280,Go First,G8-347,"Mon, Feb 14",Mumbai,Kochi,1h 55m,Non Stop,"2,163"
281,IndiGo,6E-5214,"Mon, Feb 14",Mumbai,Kochi,1h 55m,Non Stop,"2,163"
282,IndiGo,6E-6301,"Mon, Feb 14",Mumbai,Kochi,1h 55m,Non Stop,"2,163"
283,Go First,G8-7557,"Mon, Feb 14",Mumbai,Kochi,2h 00m,Non Stop,"2,163"
284,IndiGo,6E-5396,"Mon, Feb 14",Mumbai,Kochi,2h 00m,Non Stop,"2,163"
285,Go First,G8-336,"Mon, Feb 14",Mumbai,Kochi,2h 10m,Non Stop,"2,163"
286,Air Asia,I5-423,"Mon, Feb 14",Mumbai,Kochi,1h 55m,Non Stop,"2,166"
287,Air India,AI-681,"Mon, Feb 14",Mumbai,Kochi,2h 05m,Non Stop,"2,166"
288,Go First,G8-383/812,"Mon, Feb 14",Mumbai,Kochi,8h 40m,1 Stop,"2,494"
289,Go First,G8-7545/812,"Mon, Feb 14",Mumbai,Kochi,10h 45m,1 Stop,"2,494"
290,IndiGo,6E-953/7329,"Tue, Mar 8",Mumbai,Jaipur,5h 40m,1 Stop,"1,919"
291,IndiGo,6E-5384,"Tue, Mar 8",Mumbai,Jaipur,1h 35m,Non Stop,"2,024"
292,Air Asia,I5-678,"Tue, Mar 8",Mumbai,Jaipur,1h 40m,Non Stop,"2,024"
293,IndiGo,6E-5382,"Tue, Mar 8",Mumbai,Jaipur,1h 45m,Non Stop,"2,024"
294,Air Asia,I5-941,"Tue, Mar 8",Mumbai,Jaipur,1h 55m,Non Stop,"2,024"
295,IndiGo,6E-6201/2338,"Tue, Mar 8",Mumbai,Jaipur,5h 20m,1 Stop,"2,024"
296,IndiGo,6E-6721/2338,"Tue, Mar 8",Mumbai,Jaipur,6h 05m,1 Stop,"2,024"
297,IndiGo,6E-2047/2338,"Tue, Mar 8",Mumbai,Jaipur,6h 45m,1 Stop,"2,024"
298,IndiGo,6E-5209/913,"Tue, Mar 8",Mumbai,Jaipur,7h 30m,1 Stop,"2,024"
299,IndiGo,6E-832/7321,"Tue, Mar 8",Mumbai,Jaipur,10h 50m,1 Stop,"2,024"
300,Go First,G8-518/123,"Sat, Feb 12",Bangalore,Kolkata,9h 05m,1 Stop,"2,648"
301,Go First,G8-510/625,"Sat, Feb 12",Bangalore,Kolkata,5h 00m,1 Stop,"2,867"
302,Go First,G8-518/625,"Sat, Feb 12",Bangalore,Kolkata,13h 40m,1 Stop,"2,867"
303,Air Asia,I5-1780/583,"Sat, Feb 12",Bangalore,Kolkata,6h 50m,1 Stop,"3,174"
304,Air Asia,I5-741/550,"Sat, Feb 12",Bangalore,Kolkata,8h 10m,1 Stop,"3,174"
305,Air Asia,I5-749/548,"Sat, Feb 12",Bangalore,Kolkata,8h 45m,1 Stop,"3,174"
306,Air Asia,I5-996/548,"Sat, Feb 12",Bangalore,Kolkata,11h 45m,1 Stop,"3,174"
307,Air Asia,I5-741/829,"Sat, Feb 12",Bangalore,Kolkata,11h 50m,1 Stop,"3,174"
308,Air India,AI-748,"Sat, Feb 12",Bangalore,Kolkata,2h 35m,Non Stop,"3,393"
309,Air India,AI-573,"Sat, Feb 12",Bangalore,Kolkata,4h 45m,1 Stop,"3,393"
310,IndiGo,6E-528/6117,"Mon, Feb 21",Bangalore,Jaipur,9h 20m,1 Stop,"2,646"
311,IndiGo,6E-426/6117,"Mon, Feb 21",Bangalore,Jaipur,6h 20m,1 Stop,"2,747"
312,Go First,G8-510/504,"Mon, Feb 21",Bangalore,Jaipur,5h 10m,1 Stop,"2,972"
313,Go First,G8-518/504,"Mon, Feb 21",Bangalore,Jaipur,13h 50m,1 Stop,"2,972"
314,IndiGo,6E-5323/5382,"Mon, Feb 21",Bangalore,Jaipur,10h 25m,1 Stop,"3,250"
315,IndiGo,6E-5365/5382,"Mon, Feb 21",Bangalore,Jaipur,11h 30m,1 Stop,"3,250"
316,Air India,AI-523,"Mon, Feb 21",Bangalore,Jaipur,2h 20m,Non Stop,"3,294"
317,IndiGo,6E-6273,"Mon, Feb 21",Bangalore,Jaipur,2h 35m,Non Stop,"3,294"
318,IndiGo,6E-276,"Mon, Feb 21",Bangalore,Jaipur,2h 40m,Non Stop,"3,294"
319,IndiGo,6E-415,"Mon, Feb 21",Bangalore,Jaipur,2h 50m,Non Stop,"3,294"
320,IndiGo,6E-6104/587,"Sun, Feb 6",Bangalore,New Delhi,7h 10m,1 Stop,"2,356"
321,IndiGo,6E-6104/2369,"Sun, Feb 6",Bangalore,New Delhi,11h 20m,1 Stop,"2,356"
322,IndiGo,6E-6491/643,"Sun, Feb 6",Bangalore,New Delhi,5h 05m,1 Stop,"2,979"
323,IndiGo,6E-6067/6684,"Sun, Feb 6",Bangalore,New Delhi,7h 25m,1 Stop,"2,979"
324,IndiGo,6E-886/643,"Sun, Feb 6",Bangalore,New Delhi,8h 50m,1 Stop,"2,979"
325,IndiGo,6E-6491/6684,"Sun, Feb 6",Bangalore,New Delhi,10h 40m,1 Stop,"2,979"
326,IndiGo,6E-6104/2481,"Sun, Feb 6",Bangalore,New Delhi,5h 10m,1 Stop,"3,057"
327,IndiGo,6E-436/2481,"Sun, Feb 6",Bangalore,New Delhi,11h 15m,1 Stop,"3,057"
328,Vistara,UK-814,"Sun, Feb 6",Bangalore,New Delhi,2h 35m,Non Stop,"3,233"
329,Vistara,UK-810,"Sun, Feb 6",Bangalore,New Delhi,2h 40m,Non Stop,"3,233"
330,IndiGo,6E-886/6277,"Wed, Feb 16",Bangalore,Lucknow,6h 10m,1 Stop,"3,016"
331,IndiGo,6E-2186/397,"Wed, Feb 16",Bangalore,Lucknow,6h 25m,1 Stop,"3,016"
332,IndiGo,6E-6339/811,"Wed, Feb 16",Bangalore,Lucknow,6h 45m,1 Stop,"3,016"
333,IndiGo,6E-2186/2618,"Wed, Feb 16",Bangalore,Lucknow,7h 30m,1 Stop,"3,016"
334,IndiGo,6E-2186/2843,"Wed, Feb 16",Bangalore,Lucknow,9h 05m,1 Stop,"3,016"
335,IndiGo,6E-6257/6277,"Wed, Feb 16",Bangalore,Lucknow,9h 20m,1 Stop,"3,016"
336,IndiGo,6E-146/811,"Wed, Feb 16",Bangalore,Lucknow,9h 50m,1 Stop,"3,016"
337,IndiGo,6E-5323/5304,"Wed, Feb 16",Bangalore,Lucknow,9h 55m,1 Stop,"3,016"
338,IndiGo,6E-2186/2109,"Wed, Feb 16",Bangalore,Lucknow,10h 25m,1 Stop,"3,016"
339,IndiGo,6E-5365/5304,"Wed, Feb 16",Bangalore,Lucknow,11h 00m,1 Stop,"3,016"
340,SpiceJet,SG-517/4025,"Sun, Feb 6",Bangalore,Guwahati,14h 45m,1 Stop,"3,873"
341,SpiceJet,SG-401/4025,"Sun, Feb 6",Bangalore,Guwahati,26h 15m,1 Stop,"3,873"
342,SpiceJet,SG-517/4031,"Sun, Feb 6",Bangalore,Guwahati,26h 20m,1 Stop,"3,873"
343,SpiceJet,SG-401/4031,"Sun, Feb 6",Bangalore,Guwahati,13h 50m,1 Stop,"4,337"
344,Go First,G8-791/295,"Sun, Feb 6",Bangalore,Guwahati,11h 30m,1 Stop,"4,524"
345,Go First,G8-791/532,"Sun, Feb 6",Bangalore,Guwahati,14h 30m,1 Stop,"4,524"
346,IndiGo,6E-975/6623,"Sun, Feb 6",Bangalore,Guwahati,9h 15m,1 Stop,"4,573"
347,Air India,AI-748/729,"Sun, Feb 6",Bangalore,Guwahati,8h 25m,1 Stop,"4,623"
348,IndiGo,6E-2186/2001,"Sun, Feb 6",Bangalore,Guwahati,10h 00m,1 Stop,"4,632"
349,IndiGo,6E-146/207,"Sun, Feb 6",Bangalore,Guwahati,8h 10m,1 Stop,"4,703"
350,Go First,G8-385,"Sat, Feb 5",Bangalore,Mumbai,1h 35m,Non Stop,"5,177"
351,Go First,G8-395,"Sat, Feb 5",Bangalore,Mumbai,1h 40m,Non Stop,"5,177"
352,Go First,G8-7547,"Sat, Feb 5",Bangalore,Mumbai,1h 40m,Non Stop,"5,177"
353,Go First,G8-7548,"Sat, Feb 5",Bangalore,Mumbai,1h 40m,Non Stop,"5,177"
354,Go First,G8-320,"Sat, Feb 5",Bangalore,Mumbai,1h 50m,Non Stop,"5,177"
355,Go First,G8-399,"Sat, Feb 5",Bangalore,Mumbai,1h 55m,Non Stop,"5,177"
356,Go First,G8-283/601,"Sat, Feb 5",Bangalore,Mumbai,6h 45m,2 Stop(s),"5,177"
357,Go First,G8-116/7533,"Sat, Feb 5",Bangalore,Mumbai,8h 15m,1 Stop,"5,177"
358,Go First,G8-116/336,"Sat, Feb 5",Bangalore,Mumbai,9h 15m,1 Stop,"5,177"
359,Go First,G8-801/2505,"Sat, Feb 5",Bangalore,Mumbai,9h 30m,1 Stop,"5,177"
360,Air India,9I-9547,"Thu, Mar 10",Bangalore,Goa,1h 30m,Non Stop,"2,292"
361,SpiceJet,SG-3027,"Thu, Mar 10",Bangalore,Goa,1h 25m,Non Stop,"2,598"
362,IndiGo,6E-806,"Thu, Mar 10",Bangalore,Goa,1h 15m,Non Stop,"2,600"
363,Air Asia,I5-1782,"Thu, Mar 10",Bangalore,Goa,1h 15m,Non Stop,"2,600"
364,IndiGo,6E-194,"Thu, Mar 10",Bangalore,Goa,1h 20m,Non Stop,"2,600"
365,Vistara,UK-867,"Thu, Mar 10",Bangalore,Goa,1h 20m,Non Stop,"2,600"
366,IndiGo,6E-6345,"Thu, Mar 10",Bangalore,Goa,1h 20m,Non Stop,"2,600"
367,IndiGo,6E-161,"Thu, Mar 10",Bangalore,Goa,1h 20m,Non Stop,"2,600"
368,IndiGo,6E-309,"Thu, Mar 10",Bangalore,Goa,1h 25m,Non Stop,"2,600"
369,Air Asia,I5-818,"Thu, Mar 10",Bangalore,Goa,1h 35m,Non Stop,"2,600"
370,IndiGo,6E-6257/425,"Tue, Feb 22",Bangalore,Patna,10h 00m,1 Stop,"2,867"
371,IndiGo,6E-886/425,"Tue, Feb 22",Bangalore,Patna,6h 50m,1 Stop,"3,128"
372,IndiGo,6E-2186/5336,"Tue, Feb 22",Bangalore,Patna,6h 00m,1 Stop,"3,515"
373,IndiGo,6E-2186/2043,"Tue, Feb 22",Bangalore,Patna,7h 10m,1 Stop,"3,515"
374,IndiGo,6E-2337/761,"Tue, Feb 22",Bangalore,Patna,8h 15m,1 Stop,"3,515"
375,IndiGo,6E-2186/761,"Tue, Feb 22",Bangalore,Patna,9h 55m,1 Stop,"3,515"
376,IndiGo,6E-455/895,"Tue, Feb 22",Bangalore,Patna,9h 55m,1 Stop,"3,515"
377,IndiGo,6E-6353/6277,"Tue, Feb 22",Bangalore,Patna,10h 55m,1 Stop,"3,515"
378,IndiGo,6E-2186/2323,"Tue, Feb 22",Bangalore,Patna,11h 25m,1 Stop,"3,515"
379,IndiGo,6E-2186/695,"Tue, Feb 22",Bangalore,Patna,11h 55m,1 Stop,"3,515"
380,Go First,G8-510,"Tue, Feb 8",Bangalore,Hyderabad,1h 00m,Non Stop,926
381,Go First,G8-518,"Tue, Feb 8",Bangalore,Hyderabad,1h 15m,Non Stop,926
382,Vistara,UK-893,"Tue, Feb 8",Bangalore,Hyderabad,1h 00m,Non Stop,"1,714"
383,IndiGo,6E-638,"Tue, Feb 8",Bangalore,Hyderabad,1h 05m,Non Stop,"1,714"
384,IndiGo,6E-6257,"Tue, Feb 8",Bangalore,Hyderabad,1h 10m,Non Stop,"1,714"
385,Air Asia,I5-1576,"Tue, Feb 8",Bangalore,Hyderabad,1h 10m,Non Stop,"1,714"
386,Vistara,UK-897,"Tue, Feb 8",Bangalore,Hyderabad,1h 10m,Non Stop,"1,714"
387,IndiGo,6E-6491,"Tue, Feb 8",Bangalore,Hyderabad,1h 10m,Non Stop,"1,714"
388,IndiGo,6E-886,"Tue, Feb 8",Bangalore,Hyderabad,1h 20m,Non Stop,"1,714"
389,IndiGo,6E-6067,"Tue, Feb 8",Bangalore,Hyderabad,1h 30m,Non Stop,"1,714"
390,IndiGo,6E-7204,"Tue, Feb 8",Bangalore,Vijayawada,1h 45m,Non Stop,"2,868"
391,IndiGo,6E-7223,"Tue, Feb 8",Bangalore,Vijayawada,1h 50m,Non Stop,"2,868"
392,Air India,9I-9501,"Tue, Feb 8",Bangalore,Vijayawada,1h 35m,Non Stop,"2,869"
393,IndiGo,6E-6257/7211,"Tue, Feb 8",Bangalore,Vijayawada,5h 50m,1 Stop,"3,079"
394,IndiGo,6E-6257/7298,"Tue, Feb 8",Bangalore,Vijayawada,8h 50m,1 Stop,"3,079"
395,IndiGo,6E-886/7298,"Tue, Feb 8",Bangalore,Vijayawada,5h 40m,1 Stop,"3,288"
396,IndiGo,6E-841/7149,"Tue, Feb 8",Bangalore,Vijayawada,5h 20m,1 Stop,"4,338"
397,Air India,AI-505/467,"Tue, Feb 8",Bangalore,Vijayawada,9h 35m,1 Stop,"6,594"
398,Air India,AI-808/459,"Tue, Feb 8",Bangalore,Vijayawada,11h 15m,1 Stop,"6,594"
399,Air India,AI-503/459,"Tue, Feb 8",Bangalore,Vijayawada,14h 55m,1 Stop,"6,594"
400,Air India,AI-840,"Wed, Feb 23",Hyderabad,New Delhi,2h 10m,Non Stop,"2,276"
401,Air India,AI-541,"Wed, Feb 23",Hyderabad,New Delhi,2h 15m,Non Stop,"2,276"
402,Air India,AI-559,"Wed, Feb 23",Hyderabad,New Delhi,2h 30m,Non Stop,"2,276"
403,Air India,AI-543,"Wed, Feb 23",Hyderabad,New Delhi,2h 30m,Non Stop,"2,276"
404,IndiGo,6E-6277/2347,"Wed, Feb 23",Hyderabad,New Delhi,5h 15m,1 Stop,"2,276"
405,IndiGo,6E-6277/2072,"Wed, Feb 23",Hyderabad,New Delhi,8h 15m,1 Stop,"2,276"
406,IndiGo,6E-913/648,"Wed, Feb 23",Hyderabad,New Delhi,8h 50m,1 Stop,"2,276"
407,IndiGo,6E-913/7404,"Wed, Feb 23",Hyderabad,New Delhi,11h 00m,1 Stop,"2,276"
408,Air Asia,I5-1543/996,"Wed, Feb 23",Hyderabad,New Delhi,7h 55m,1 Stop,"2,277"
409,Air Asia,I5-1543/722,"Wed, Feb 23",Hyderabad,New Delhi,13h 00m,1 Stop,"2,277"
410,IndiGo,6E-531,"Sun, Feb 13",Hyderabad,Chennai,1h 10m,Non Stop,"1,548"
411,Air Asia,I5-510,"Sun, Feb 13",Hyderabad,Chennai,1h 15m,Non Stop,"1,548"
412,SpiceJet,SG-732,"Sun, Feb 13",Hyderabad,Chennai,1h 15m,Non Stop,"1,564"
413,Go First,G8-503,"Sun, Feb 13",Hyderabad,Chennai,1h 10m,Non Stop,"1,788"
414,IndiGo,6E-6216,"Sun, Feb 13",Hyderabad,Chennai,1h 15m,Non Stop,"1,788"
415,IndiGo,6E-6151,"Sun, Feb 13",Hyderabad,Chennai,1h 20m,Non Stop,"1,788"
416,IndiGo,6E-514,"Sun, Feb 13",Hyderabad,Chennai,1h 30m,Non Stop,"1,788"
417,IndiGo,6E-438,"Sun, Feb 13",Hyderabad,Chennai,1h 15m,Non Stop,"2,983"
418,Air Asia,I5-974/1228,"Sun, Feb 13",Hyderabad,Chennai,10h 20m,1 Stop,"3,059"
419,Air Asia,I5-1518/1228,"Sun, Feb 13",Hyderabad,Chennai,12h 45m,1 Stop,"3,059"
420,Go First,G8-509,"Sun, Feb 6",Hyderabad,Bangalore,1h 00m,Non Stop,"1,776"
421,Vistara,UK-894,"Sun, Feb 6",Hyderabad,Bangalore,1h 00m,Non Stop,"1,776"
422,IndiGo,6E-285,"Sun, Feb 6",Hyderabad,Bangalore,1h 05m,Non Stop,"1,776"
423,Vistara,UK-898,"Sun, Feb 6",Hyderabad,Bangalore,1h 10m,Non Stop,"1,776"
424,Air Asia,I5-1543,"Sun, Feb 6",Hyderabad,Bangalore,1h 10m,Non Stop,"1,776"
425,Air Asia,I5-1518,"Sun, Feb 6",Hyderabad,Bangalore,1h 10m,Non Stop,"1,776"
426,IndiGo,6E-6319,"Sun, Feb 6",Hyderabad,Bangalore,1h 15m,Non Stop,"1,776"
427,Go First,G8-517,"Sun, Feb 6",Hyderabad,Bangalore,1h 15m,Non Stop,"1,776"
428,IndiGo,6E-827,"Sun, Feb 6",Hyderabad,Bangalore,1h 20m,Non Stop,"1,776"
429,IndiGo,6E-413,"Sun, Feb 6",Hyderabad,Bangalore,1h 30m,Non Stop,"1,776"
430,Go First,G8-681,"Fri, Feb 4",Hyderabad,Lucknow,1h 50m,Non Stop,"6,132"
431,Go First,G8-107,"Fri, Feb 4",Hyderabad,Lucknow,1h 50m,Non Stop,"6,132"
432,Vistara,UK-860/641,"Fri, Feb 4",Hyderabad,Lucknow,8h 00m,1 Stop,"6,270"
433,Vistara,UK-870/647,"Fri, Feb 4",Hyderabad,Lucknow,12h 55m,1 Stop,"6,270"
434,Vistara,UK-890/647,"Fri, Feb 4",Hyderabad,Lucknow,15h 50m,1 Stop,"6,270"
435,Vistara,UK-870/641,"Fri, Feb 4",Hyderabad,Lucknow,18h 15m,1 Stop,"6,270"
436,Vistara,UK-880/647,"Fri, Feb 4",Hyderabad,Lucknow,20h 05m,1 Stop,"6,270"
437,Vistara,UK-890/641,"Fri, Feb 4",Hyderabad,Lucknow,21h 10m,1 Stop,"6,270"
438,Vistara,UK-880/641,"Fri, Feb 4",Hyderabad,Lucknow,25h 25m,1 Stop,"6,270"
439,Vistara,UK-860/647,"Fri, Feb 4",Hyderabad,Lucknow,26h 40m,1 Stop,"6,270"
440,Air India,AI-525,"Tue, Mar 1",Hyderabad,Kolkata,2h 05m,Non Stop,"2,080"
441,IndiGo,6E-6893,"Tue, Mar 1",Hyderabad,Kolkata,2h 10m,Non Stop,"2,080"
442,IndiGo,6E-6151/183,"Tue, Mar 1",Hyderabad,Kolkata,7h 15m,1 Stop,"2,080"
443,IndiGo,6E-514/6016,"Tue, Mar 1",Hyderabad,Kolkata,8h 25m,1 Stop,"2,080"
444,IndiGo,6E-531/183,"Tue, Mar 1",Hyderabad,Kolkata,10h 35m,1 Stop,"2,080"
445,Go First,G8-123,"Tue, Mar 1",Hyderabad,Kolkata,1h 50m,Non Stop,"2,393"
446,Go First,G8-625,"Tue, Mar 1",Hyderabad,Kolkata,1h 55m,Non Stop,"2,393"
447,IndiGo,6E-283,"Tue, Mar 1",Hyderabad,Kolkata,2h 00m,Non Stop,"2,395"
448,IndiGo,6E-6358,"Tue, Mar 1",Hyderabad,Kolkata,2h 05m,Non Stop,"2,395"
449,IndiGo,6E-165,"Tue, Mar 1",Hyderabad,Kolkata,2h 10m,Non Stop,"2,395"
450,IndiGo,6E-7201/7251,"Sat, Feb 26",Hyderabad,Tirupati,4h 00m,1 Stop,"2,021"
451,SpiceJet,SG-1075,"Sat, Feb 26",Hyderabad,Tirupati,1h 20m,Non Stop,"2,078"
452,SpiceJet,SG-3729,"Sat, Feb 26",Hyderabad,Tirupati,1h 20m,Non Stop,"2,078"
453,IndiGo,6E-2005,"Sat, Feb 26",Hyderabad,Tirupati,0h 55m,Non Stop,"2,080"
454,Air India,AI-542,"Sat, Feb 26",Hyderabad,Tirupati,1h 00m,Non Stop,"2,080"
455,IndiGo,6E-5217,"Sat, Feb 26",Hyderabad,Tirupati,1h 05m,Non Stop,"2,080"
456,IndiGo,6E-7263,"Sat, Feb 26",Hyderabad,Tirupati,1h 40m,Non Stop,"2,080"
457,IndiGo,6E-7066,"Sat, Feb 26",Hyderabad,Tirupati,1h 40m,Non Stop,"2,080"
458,SpiceJet,SG-4001,"Sat, Feb 26",Hyderabad,Goa,1h 40m,Non Stop,"2,251"
459,IndiGo,6E-905,"Sat, Feb 26",Hyderabad,Goa,1h 10m,Non Stop,"2,253"
460,Air Asia,I5-1517,"Tue, Mar 8",Hyderabad,Goa,1h 15m,Non Stop,"2,253"
461,IndiGo,6E-992,"Tue, Mar 8",Hyderabad,Goa,1h 15m,Non Stop,"2,253"
462,IndiGo,6E-793,"Tue, Mar 8",Hyderabad,Goa,1h 20m,Non Stop,"2,253"
463,Air Asia,I5-972,"Tue, Mar 8",Hyderabad,Goa,1h 20m,Non Stop,"2,253"
464,IndiGo,6E-743,"Tue, Mar 8",Hyderabad,Goa,1h 25m,Non Stop,"2,253"
465,IndiGo,6E-118/361,"Tue, Mar 8",Hyderabad,Goa,3h 40m,1 Stop,"2,253"
466,Go First,G8-571,"Tue, Mar 8",Hyderabad,Goa,1h 20m,Non Stop,"2,457"
467,Air India,9I-9881,"Tue, Mar 8",Hyderabad,Goa,3h 45m,1 Stop,"3,125"
468,IndiGo,6E-6684/6034,"Tue, Mar 8",Hyderabad,Dehradun,9h 40m,1 Stop,"3,512"
469,SpiceJet,SG-390/2770,"Tue, Mar 8",Hyderabad,Dehradun,10h 15m,1 Stop,"3,587"
470,SpiceJet,SG-390/3765,"Tue, Feb 8",Hyderabad,Dehradun,18h 20m,1 Stop,"3,587"
471,SpiceJet,SG-390/2033,"Tue, Feb 8",Hyderabad,Dehradun,21h 20m,1 Stop,"3,587"
472,IndiGo,6E-2093/125,"Tue, Feb 8",Hyderabad,Dehradun,5h 45m,1 Stop,"3,589"
473,IndiGo,6E-132/953,"Tue, Feb 8",Hyderabad,Dehradun,6h 20m,1 Stop,"3,589"
474,IndiGo,6E-6737/125,"Tue, Feb 8",Hyderabad,Dehradun,8h 25m,1 Stop,"3,589"
475,IndiGo,6E-5207/953,"Tue, Feb 8",Hyderabad,Dehradun,8h 35m,1 Stop,"3,589"
476,Vistara,UK-830/617,"Tue, Feb 8",Hyderabad,Dehradun,4h 25m,1 Stop,"4,135"
477,Vistara,UK-860/617,"Tue, Feb 8",Hyderabad,Dehradun,7h 55m,1 Stop,"4,135"
478,IndiGo,6E-995,"Tue, Feb 8",Hyderabad,Ahmedabad,1h 35m,Non Stop,"2,346"
479,IndiGo,6E-6593,"Tue, Feb 8",Hyderabad,Ahmedabad,1h 45m,Non Stop,"2,346"
480,IndiGo,6E-216,"Sat, Mar 12",Hyderabad,Ahmedabad,1h 45m,Non Stop,"2,346"
481,IndiGo,6E-2248/926,"Sat, Mar 12",Hyderabad,Ahmedabad,6h 20m,1 Stop,"2,346"
482,IndiGo,6E-827/133,"Sat, Mar 12",Hyderabad,Ahmedabad,7h 05m,1 Stop,"2,346"
483,IndiGo,6E-132/5392,"Sat, Mar 12",Hyderabad,Ahmedabad,7h 45m,1 Stop,"2,346"
484,IndiGo,6E-827/239,"Sat, Mar 12",Hyderabad,Ahmedabad,8h 45m,1 Stop,"2,346"
485,IndiGo,6E-132/5386,"Sat, Mar 12",Hyderabad,Ahmedabad,9h 40m,1 Stop,"2,346"
486,IndiGo,6E-5207/5392,"Sat, Mar 12",Hyderabad,Ahmedabad,10h 00m,1 Stop,"2,346"
487,IndiGo,6E-2093/926,"Sat, Mar 12",Hyderabad,Ahmedabad,10h 20m,1 Stop,"2,346"
488,IndiGo,6E-199,"Sat, Mar 12",Hyderabad,Mumbai,1h 30m,Non Stop,"2,301"
489,IndiGo,6E-132,"Sat, Mar 12",Hyderabad,Mumbai,1h 30m,Non Stop,"2,301"
490,IndiGo,6E-5369,"Sun, Mar 6",Hyderabad,Mumbai,1h 30m,Non Stop,"2,301"
491,IndiGo,6E-5207,"Sun, Mar 6",Hyderabad,Mumbai,1h 35m,Non Stop,"2,301"
492,IndiGo,6E-903,"Sun, Mar 6",Hyderabad,Mumbai,1h 35m,Non Stop,"2,301"
493,Air India,AI-698,"Sun, Mar 6",Hyderabad,Mumbai,1h 40m,Non Stop,"2,301"
494,IndiGo,6E-793/6808,"Sun, Mar 6",Hyderabad,Mumbai,3h 35m,1 Stop,"2,301"
495,IndiGo,6E-7156/6569,"Sun, Mar 6",Hyderabad,Mumbai,4h 45m,1 Stop,"2,301"
496,IndiGo,6E-905/6808,"Sun, Mar 6",Hyderabad,Mumbai,6h 55m,1 Stop,"2,301"
497,Vistara,UK-876,"Sun, Mar 6",Hyderabad,Mumbai,1h 25m,Non Stop,"2,302"
498,Air India,AI-787,"Sun, Mar 6",Kolkata,Port Blair,2h 05m,Non Stop,"3,946"
499,SpiceJet,SG-8263,"Sun, Mar 6",Kolkata,Port Blair,2h 00m,Non Stop,"4,421"
500,Go First,G8-101,"Sat, Feb 19",Kolkata,Port Blair,2h 25m,Non Stop,"4,425"
501,IndiGo,6E-2106,"Sat, Feb 19",Kolkata,Port Blair,2h 25m,Non Stop,"4,755"
502,Vistara,UK-747,"Sat, Feb 19",Kolkata,Port Blair,2h 20m,Non Stop,"5,576"
503,Air India,AI-765/549,"Sat, Feb 19",Kolkata,Port Blair,13h 20m,1 Stop,"6,641"
504,IndiGo,6E-6172/6305,"Sat, Feb 19",Kolkata,Port Blair,10h 30m,1 Stop,"10,112"
505,Air India,9I-9745/474/485,"Sat, Feb 19",Kolkata,Port Blair,21h 30m,3 Stop(s),"14,427"
506,Air India,AI-729/890/485,"Sat, Feb 19",Kolkata,Port Blair,23h 15m,2 Stop(s),"15,173"
507,Air India,9I-9755/890/485,"Sat, Feb 19",Kolkata,Port Blair,25h 20m,2 Stop(s),"15,677"
508,IndiGo,6E-6021/371,"Sat, Feb 19",Kolkata,Bangalore,5h 40m,1 Stop,"3,486"
509,IndiGo,6E-496/827,"Sat, Feb 19",Kolkata,Bangalore,6h 30m,1 Stop,"3,486"
510,IndiGo,6E-6021/285,"Sat, Apr 9",Kolkata,Bangalore,6h 50m,1 Stop,"3,486"
511,IndiGo,6E-6021/6505,"Sat, Apr 9",Kolkata,Bangalore,8h 55m,1 Stop,"3,486"
512,IndiGo,6E-6172/413,"Sat, Apr 9",Kolkata,Bangalore,8h 55m,1 Stop,"3,486"
513,Air Asia,I5-510/1543,"Sat, Apr 9",Kolkata,Bangalore,10h 50m,1 Stop,"3,565"
514,Air Asia,I5-541/1565,"Sat, Apr 9",Kolkata,Bangalore,5h 50m,1 Stop,"3,644"
515,Air Asia,I5-582/2393,"Sat, Apr 9",Kolkata,Bangalore,9h 15m,1 Stop,"3,644"
516,Air Asia,I5-371/1229,"Sat, Apr 9",Kolkata,Bangalore,9h 25m,1 Stop,"3,644"
517,Air Asia,I5-510/1229,"Sat, Apr 9",Kolkata,Bangalore,12h 20m,2 Stop(s),"3,644"
518,SpiceJet,SG-489,"Sat, Apr 9",Kolkata,Mumbai,2h 50m,Non Stop,"3,378"
519,Go First,G8-512,"Sat, Apr 9",Kolkata,Mumbai,2h 50m,Non Stop,"3,380"
520,Go First,G8-519,"Thu, Feb 17",Kolkata,Mumbai,2h 50m,Non Stop,"3,380"
521,Vistara,UK-772,"Thu, Feb 17",Kolkata,Mumbai,2h 35m,Non Stop,"3,381"
522,Vistara,UK-776,"Thu, Feb 17",Kolkata,Mumbai,2h 45m,Non Stop,"3,381"
523,IndiGo,6E-318,"Thu, Feb 17",Kolkata,Mumbai,2h 50m,Non Stop,"3,381"
524,Vistara,UK-774,"Thu, Feb 17",Kolkata,Mumbai,2h 55m,Non Stop,"3,381"
525,IndiGo,6E-6965,"Thu, Feb 17",Kolkata,Mumbai,3h 00m,Non Stop,"3,381"
526,IndiGo,6E-139,"Thu, Feb 17",Kolkata,Mumbai,3h 10m,Non Stop,"3,381"
527,Go First,G8-7562,"Thu, Feb 17",Kolkata,Mumbai,2h 50m,Non Stop,"3,930"
528,Air Asia,I5-588/996,"Thu, Feb 17",Kolkata,New Delhi,8h 45m,1 Stop,"3,008"
529,Air Asia,I5-583/788,"Thu, Feb 17",Kolkata,New Delhi,9h 05m,2 Stop(s),"3,008"
530,Air Asia,I5-582/482,"Sun, Feb 6",Kolkata,New Delhi,9h 15m,1 Stop,"3,008"
531,Air Asia,I5-1563/1528,"Sun, Feb 6",Kolkata,New Delhi,13h 10m,2 Stop(s),"3,008"
532,SpiceJet,SG-8264,"Sun, Feb 6",Kolkata,New Delhi,2h 30m,Non Stop,"3,011"
533,Go First,G8-227,"Sun, Feb 6",Kolkata,New Delhi,2h 30m,Non Stop,"3,013"
534,Go First,G8-102,"Sun, Feb 6",Kolkata,New Delhi,2h 35m,Non Stop,"3,013"
535,IndiGo,6E-2127,"Sun, Feb 6",Kolkata,New Delhi,2h 30m,Non Stop,"3,014"
536,IndiGo,6E-2474,"Sun, Feb 6",Kolkata,New Delhi,2h 30m,Non Stop,"3,014"
537,IndiGo,6E-6324,"Sun, Feb 6",Kolkata,New Delhi,2h 35m,Non Stop,"3,014"
538,SpiceJet,SG-3723,"Sun, Feb 6",Kolkata,Guwahati,1h 35m,Non Stop,"2,292"
539,Go First,G8-532,"Sun, Feb 6",Kolkata,Guwahati,1h 15m,Non Stop,"2,294"
540,Air India,AI-729,"Sun, Apr 3",Kolkata,Guwahati,1h 15m,Non Stop,"2,294"
541,Air India,AI-780,"Sun, Apr 3",Kolkata,Guwahati,1h 25m,Non Stop,"2,294"
542,IndiGo,6E-7143/119,"Sun, Apr 3",Kolkata,Guwahati,4h 15m,1 Stop,"2,294"
543,IndiGo,6E-374/316,"Sun, Apr 3",Kolkata,Guwahati,4h 35m,1 Stop,"2,294"
544,IndiGo,6E-989/119,"Sun, Apr 3",Kolkata,Guwahati,5h 20m,1 Stop,"2,294"
545,IndiGo,6E-227/433,"Sun, Apr 3",Kolkata,Guwahati,6h 00m,1 Stop,"2,294"
546,IndiGo,6E-966/316,"Sun, Apr 3",Kolkata,Guwahati,7h 35m,1 Stop,"2,294"
547,IndiGo,6E-7143/316,"Sun, Apr 3",Kolkata,Guwahati,9h 15m,1 Stop,"2,294"
548,IndiGo,6E-6021/992,"Sun, Apr 3",Kolkata,Goa,6h 55m,1 Stop,"3,964"
549,IndiGo,6E-6172/743,"Sun, Apr 3",Kolkata,Goa,7h 45m,1 Stop,"3,964"
550,IndiGo,6E-6021/6433,"Thu, Mar 10",Kolkata,Goa,9h 40m,1 Stop,"3,964"
551,IndiGo,6E-725/743,"Thu, Mar 10",Kolkata,Goa,11h 10m,1 Stop,"3,964"
552,IndiGo,6E-893/905,"Thu, Mar 10",Kolkata,Goa,4h 50m,1 Stop,"4,544"
553,IndiGo,6E-496/905,"Thu, Mar 10",Kolkata,Goa,7h 05m,1 Stop,"4,544"
554,Go First,G8-626/571,"Thu, Mar 10",Kolkata,Goa,8h 10m,1 Stop,"4,605"
555,Go First,G8-519/384,"Thu, Mar 10",Kolkata,Goa,5h 55m,1 Stop,"4,864"
556,Go First,G8-519/575,"Thu, Mar 10",Kolkata,Goa,12h 40m,1 Stop,"4,864"
557,SpiceJet,SG-242/455,"Thu, Mar 10",Kolkata,Goa,7h 30m,1 Stop,"4,883"
558,Air India,AI-765,"Thu, Mar 10",Kolkata,Chennai,2h 25m,Non Stop,"3,596"
559,IndiGo,6E-496/514,"Thu, Mar 10",Kolkata,Chennai,8h 15m,1 Stop,"4,297"
560,Go First,G8-519/305,"Sun, Feb 6",Kolkata,Chennai,14h 10m,1 Stop,"4,756"
561,SpiceJet,SG-406/4009,"Sun, Feb 6",Kolkata,Chennai,11h 25m,1 Stop,"4,885"
562,SpiceJet,SG-516/4009,"Sun, Feb 6",Kolkata,Chennai,25h 45m,1 Stop,"4,885"
563,Vistara,UK-720/833,"Sun, Feb 6",Kolkata,Chennai,26h 45m,1 Stop,"4,885"
564,Air India,AI-732/671,"Sun, Feb 6",Kolkata,Chennai,21h 55m,2 Stop(s),"4,893"
565,IndiGo,6E-6172/531,"Sun, Feb 6",Kolkata,Chennai,8h 25m,1 Stop,"5,177"
566,IndiGo,6E-6021/6216,"Sun, Feb 6",Kolkata,Chennai,8h 10m,1 Stop,"5,179"
567,Vistara,UK-720/839,"Sun, Feb 6",Kolkata,Chennai,9h 10m,1 Stop,"5,200"
568,IndiGo,6E-6128/6104,"Sun, Feb 6",Kolkata,Pune,5h 45m,1 Stop,"4,554"
569,IndiGo,6E-822/528,"Sun, Feb 6",Kolkata,Pune,7h 10m,1 Stop,"4,554"
570,IndiGo,6E-716/436,"Sun, Feb 27",Kolkata,Pune,9h 25m,1 Stop,"4,554"
571,IndiGo,6E-345/528,"Sun, Feb 27",Kolkata,Pune,9h 30m,1 Stop,"4,554"
572,IndiGo,6E-6128/528,"Sun, Feb 27",Kolkata,Pune,11h 30m,1 Stop,"4,554"
573,Air Asia,I5-582/768,"Sun, Feb 27",Kolkata,Pune,8h 20m,2 Stop(s),"4,609"
574,Air Asia,I5-552/768,"Sun, Feb 27",Kolkata,Pune,9h 45m,1 Stop,"4,609"
575,Air Asia,I5-588/1731,"Sun, Feb 27",Kolkata,Pune,9h 50m,1 Stop,"4,609"
576,IndiGo,6E-958/426,"Sun, Feb 27",Kolkata,Pune,7h 25m,1 Stop,"4,655"
577,IndiGo,6E-822/426,"Sun, Feb 27",Kolkata,Pune,10h 15m,1 Stop,"4,655"
578,Air Asia,I5-510,"Sun, Feb 27",Kolkata,Hyderabad,2h 05m,Non Stop,"2,436"
579,IndiGo,6E-725,"Sun, Feb 27",Kolkata,Hyderabad,2h 05m,Non Stop,"2,436"
580,Air India,AI-526,"Fri, Feb 11",Kolkata,Hyderabad,2h 15m,Non Stop,"2,436"
581,Go First,G8-125,"Fri, Feb 11",Kolkata,Hyderabad,2h 10m,Non Stop,"2,603"
582,Go First,G8-626,"Fri, Feb 11",Kolkata,Hyderabad,2h 20m,Non Stop,"2,603"
583,IndiGo,6E-6172,"Fri, Feb 11",Kolkata,Hyderabad,2h 10m,Non Stop,"3,129"
584,IndiGo,6E-496,"Fri, Feb 11",Kolkata,Hyderabad,2h 15m,Non Stop,"3,129"
585,IndiGo,6E-6021,"Fri, Feb 11",Kolkata,Hyderabad,2h 20m,Non Stop,"3,129"
586,IndiGo,6E-321/371,"Fri, Feb 11",Kolkata,Hyderabad,6h 15m,1 Stop,"4,589"
587,Go First,G8-227/7555,"Fri, Feb 11",Kolkata,Hyderabad,8h 40m,1 Stop,"4,590"
588,SpiceJet,SG-3229,"Fri, Feb 11",Kolkata,Bagdogra,1h 30m,Non Stop,"2,059"
589,SpiceJet,SG-4027,"Fri, Feb 11",Kolkata,Bagdogra,1h 45m,Non Stop,"2,059"
590,IndiGo,6E-751,"Sun, Feb 27",Kolkata,Bagdogra,1h 10m,Non Stop,"2,061"
591,Air Asia,I5-582,"Sun, Feb 27",Kolkata,Bagdogra,1h 15m,Non Stop,"2,061"
592,Go First,G8-538,"Sun, Feb 27",Kolkata,Bagdogra,1h 15m,Non Stop,"2,061"
593,IndiGo,6E-211,"Sun, Feb 27",Kolkata,Bagdogra,1h 15m,Non Stop,"2,061"
594,IndiGo,6E-6785,"Sun, Feb 27",Kolkata,Bagdogra,1h 25m,Non Stop,"2,061"
595,Air India,AI-721,"Sun, Feb 27",Kolkata,Bagdogra,1h 25m,Non Stop,"2,294"
596,Go First,G8-227/153,"Sun, Feb 27",Kolkata,Bagdogra,7h 10m,1 Stop,"6,470"
597,Vistara,UK-706/765,"Sun, Feb 27",Kolkata,Bagdogra,5h 40m,1 Stop,"6,596"
598,IndiGo,6E-6234/817,"Sun, Feb 27",Mumbai,New Delhi,4h 05m,1 Stop,"2,337"
599,IndiGo,6E-6084/158,"Sun, Feb 27",Mumbai,New Delhi,5h 20m,1 Stop,"2,337"
600,IndiGo,6E-5361/6685,"Sun, Apr 10",Mumbai,New Delhi,5h 25m,1 Stop,"2,337"
601,IndiGo,6E-6084/6288,"Sun, Apr 10",Mumbai,New Delhi,7h 10m,1 Stop,"2,337"
602,IndiGo,6E-5361/6299,"Sun, Apr 10",Mumbai,New Delhi,7h 25m,1 Stop,"2,337"
603,IndiGo,6E-5381/817,"Sun, Apr 10",Mumbai,New Delhi,8h 05m,1 Stop,"2,337"
604,IndiGo,6E-6084/5011,"Sun, Apr 10",Mumbai,New Delhi,8h 55m,1 Stop,"2,337"
605,IndiGo,6E-6234/6246,"Sun, Apr 10",Mumbai,New Delhi,9h 25m,1 Stop,"2,337"
606,IndiGo,6E-5372/2012,"Sun, Apr 10",Mumbai,New Delhi,10h 50m,1 Stop,"2,337"
607,IndiGo,6E-6222/2279,"Sun, Apr 10",Mumbai,New Delhi,11h 00m,1 Stop,"2,337"
608,IndiGo,6E-468/6684,"Sun, Apr 10",Goa,New Delhi,5h 50m,1 Stop,"3,483"
609,IndiGo,6E-468/2349,"Sun, Apr 10",Goa,New Delhi,7h 10m,1 Stop,"3,483"
610,IndiGo,6E-744/643,"Wed, Feb 23",Goa,New Delhi,10h 35m,1 Stop,"3,483"
611,IndiGo,6E-712/6684,"Wed, Feb 23",Goa,New Delhi,9h 15m,1 Stop,"3,624"
612,IndiGo,6E-712/2349,"Wed, Feb 23",Goa,New Delhi,10h 35m,1 Stop,"3,624"
613,IndiGo,6E-744/2248,"Wed, Feb 23",Goa,New Delhi,8h 35m,1 Stop,"3,821"
614,Go First,G8-381/319,"Wed, Feb 23",Goa,New Delhi,5h 30m,1 Stop,"3,827"
615,Go First,G8-381/321,"Wed, Feb 23",Goa,New Delhi,7h 50m,1 Stop,"3,827"
616,Go First,G8-381/7536,"Wed, Feb 23",Goa,New Delhi,7h 55m,1 Stop,"3,827"
617,Go First,G8-381/391,"Wed, Feb 23",Goa,New Delhi,9h 05m,1 Stop,"3,827"
618,IndiGo,6E-613,"Wed, Feb 23",Chennai,New Delhi,2h 45m,Non Stop,"1,999"
619,Vistara,UK-836,"Wed, Feb 23",Chennai,New Delhi,2h 45m,Non Stop,"2,051"
620,Vistara,UK-832,"Sun, Feb 6",Chennai,New Delhi,2h 50m,Non Stop,"2,051"
621,Air India,AI-440,"Sun, Feb 6",Chennai,New Delhi,2h 45m,Non Stop,"2,271"
622,Air India,AI-539,"Sun, Feb 6",Chennai,New Delhi,2h 50m,Non Stop,"2,271"
623,Air India,AI-538,"Sun, Feb 6",Chennai,New Delhi,2h 50m,Non Stop,"2,271"
624,Air India,AI-430,"Sun, Feb 6",Chennai,New Delhi,3h 05m,Non Stop,"2,271"
625,SpiceJet,SG-8104,"Sun, Feb 6",Chennai,New Delhi,2h 40m,Non Stop,"2,327"
626,IndiGo,6E-2062,"Sun, Feb 6",Chennai,New Delhi,2h 35m,Non Stop,"2,329"
627,IndiGo,6E-2752,"Sun, Feb 6",Chennai,New Delhi,2h 45m,Non Stop,"2,329"
628,IndiGo,6E-6104/587,"Sun, Feb 6",Bangalore,New Delhi,7h 10m,1 Stop,"2,356"
629,IndiGo,6E-6104/2369,"Sun, Feb 6",Bangalore,New Delhi,11h 20m,1 Stop,"2,356"
630,IndiGo,6E-6491/643,"Sun, Feb 6",Bangalore,New Delhi,5h 05m,1 Stop,"2,979"
631,IndiGo,6E-6067/6684,"Sun, Feb 6",Bangalore,New Delhi,7h 25m,1 Stop,"2,979"
632,IndiGo,6E-886/643,"Sun, Feb 6",Bangalore,New Delhi,8h 50m,1 Stop,"2,979"
633,IndiGo,6E-6491/6684,"Sun, Feb 6",Bangalore,New Delhi,10h 40m,1 Stop,"2,979"
634,IndiGo,6E-6104/2481,"Sun, Feb 6",Bangalore,New Delhi,5h 10m,1 Stop,"3,057"
635,IndiGo,6E-436/2481,"Sun, Feb 6",Bangalore,New Delhi,11h 15m,1 Stop,"3,057"
636,Vistara,UK-814,"Sun, Feb 6",Bangalore,New Delhi,2h 35m,Non Stop,"3,233"
637,Vistara,UK-810,"Sun, Feb 6",Bangalore,New Delhi,2h 40m,Non Stop,"3,233"
638,Air India,AI-840,"Sun, Feb 6",Hyderabad,New Delhi,2h 10m,Non Stop,"2,276"
639,Air India,AI-541,"Sun, Feb 6",Hyderabad,New Delhi,2h 15m,Non Stop,"2,276"
640,Air India,AI-559,"Wed, Feb 23",Hyderabad,New Delhi,2h 30m,Non Stop,"2,276"
641,Air India,AI-543,"Wed, Feb 23",Hyderabad,New Delhi,2h 30m,Non Stop,"2,276"
642,IndiGo,6E-6277/2347,"Wed, Feb 23",Hyderabad,New Delhi,5h 15m,1 Stop,"2,276"
643,IndiGo,6E-6277/2072,"Wed, Feb 23",Hyderabad,New Delhi,8h 15m,1 Stop,"2,276"
644,IndiGo,6E-913/648,"Wed, Feb 23",Hyderabad,New Delhi,8h 50m,1 Stop,"2,276"
645,IndiGo,6E-913/7404,"Wed, Feb 23",Hyderabad,New Delhi,11h 00m,1 Stop,"2,276"
646,Air Asia,I5-1543/996,"Wed, Feb 23",Hyderabad,New Delhi,7h 55m,1 Stop,"2,277"
647,Air Asia,I5-1543/722,"Wed, Feb 23",Hyderabad,New Delhi,13h 00m,1 Stop,"2,277"
648,Air Asia,I5-588/996,"Wed, Feb 23",Kolkata,New Delhi,8h 45m,1 Stop,"3,008"
649,Air Asia,I5-583/788,"Wed, Feb 23",Kolkata,New Delhi,9h 05m,2 Stop(s),"3,008"
650,Air Asia,I5-582/482,"Sun, Feb 6",Kolkata,New Delhi,9h 15m,1 Stop,"3,008"
651,Air Asia,I5-1563/1528,"Sun, Feb 6",Kolkata,New Delhi,13h 10m,2 Stop(s),"3,008"
652,SpiceJet,SG-8264,"Sun, Feb 6",Kolkata,New Delhi,2h 30m,Non Stop,"3,011"
653,Go First,G8-227,"Sun, Feb 6",Kolkata,New Delhi,2h 30m,Non Stop,"3,013"
654,Go First,G8-102,"Sun, Feb 6",Kolkata,New Delhi,2h 35m,Non Stop,"3,013"
655,IndiGo,6E-2127,"Sun, Feb 6",Kolkata,New Delhi,2h 30m,Non Stop,"3,014"
656,IndiGo,6E-2474,"Sun, Feb 6",Kolkata,New Delhi,2h 30m,Non Stop,"3,014"
657,IndiGo,6E-6324,"Sun, Feb 6",Kolkata,New Delhi,2h 35m,Non Stop,"3,014"
658,Air India,AI-550/539,"Sun, Feb 6",Port Blair,New Delhi,10h 55m,1 Stop,"5,120"
659,Air India,AI-550/538,"Sun, Feb 6",Port Blair,New Delhi,14h 15m,1 Stop,"5,120"
660,Air India,AI-550/440,"Sun, Feb 6",Port Blair,New Delhi,23h 55m,1 Stop,"5,120"
661,Air India,AI-550/430,"Sun, Feb 6",Port Blair,New Delhi,28h 05m,1 Stop,"5,120"
662,IndiGo,6E-804/613,"Sun, Feb 6",Port Blair,New Delhi,7h 35m,1 Stop,"5,638"
663,SpiceJet,SG-607/8108,"Sun, Feb 6",Port Blair,New Delhi,13h 55m,1 Stop,"5,641"
664,SpiceJet,SG-607/8104,"Sun, Feb 6",Port Blair,New Delhi,21h 30m,1 Stop,"5,641"
665,IndiGo,6E-804/2752,"Sun, Feb 6",Port Blair,New Delhi,9h 00m,1 Stop,"5,968"
666,SpiceJet,SG-254/8130,"Sun, Feb 6",Port Blair,New Delhi,20h 15m,1 Stop,"6,200"
667,Air India,AI-788/763,"Sun, Feb 6",Port Blair,New Delhi,24h 40m,1 Stop,"6,308"
668,SpiceJet,SG-481,"Sun, Feb 6",Patna,New Delhi,1h 45m,Non Stop,"2,274"
669,SpiceJet,SG-8722,"Sun, Feb 6",Patna,New Delhi,1h 50m,Non Stop,"2,274"
670,IndiGo,6E-2163,"Wed, Mar 2",Patna,New Delhi,1h 45m,Non Stop,"2,276"
671,Go First,G8-168,"Wed, Mar 2",Patna,New Delhi,1h 50m,Non Stop,"2,276"
672,Go First,G8-7539,"Wed, Mar 2",Patna,New Delhi,1h 50m,Non Stop,"2,276"
673,IndiGo,6E-5004,"Wed, Mar 2",Patna,New Delhi,1h 50m,Non Stop,"2,276"
674,IndiGo,6E-2167,"Wed, Mar 2",Patna,New Delhi,1h 50m,Non Stop,"2,276"
675,IndiGo,6E-185,"Wed, Mar 2",Patna,New Delhi,1h 50m,Non Stop,"2,276"
676,IndiGo,6E-2055,"Wed, Mar 2",Patna,New Delhi,1h 50m,Non Stop,"2,276"
677,IndiGo,6E-2033,"Wed, Mar 2",Patna,New Delhi,2h 05m,Non Stop,"2,276"
678,IndiGo,6E-836/632,"Wed, Mar 2",Pune,New Delhi,4h 25m,1 Stop,"2,468"
679,IndiGo,6E-819/5011,"Wed, Mar 2",Pune,New Delhi,4h 35m,1 Stop,"2,468"
680,IndiGo,6E-242/636,"Fri, Apr 1",Pune,New Delhi,5h 05m,1 Stop,"2,468"
681,IndiGo,6E-836/6733,"Fri, Apr 1",Pune,New Delhi,5h 35m,1 Stop,"2,468"
682,IndiGo,6E-284/962,"Fri, Apr 1",Pune,New Delhi,7h 45m,1 Stop,"2,468"
683,IndiGo,6E-6117/6606,"Fri, Apr 1",Pune,New Delhi,7h 50m,1 Stop,"2,468"
684,IndiGo,6E-836/6274,"Fri, Apr 1",Pune,New Delhi,8h 40m,1 Stop,"2,468"
685,IndiGo,6E-6745/636,"Fri, Apr 1",Pune,New Delhi,9h 00m,1 Stop,"2,468"
686,IndiGo,6E-6564/6559,"Fri, Apr 1",Pune,New Delhi,10h 15m,1 Stop,"2,468"
687,IndiGo,6E-836/243,"Fri, Apr 1",Pune,New Delhi,10h 35m,1 Stop,"2,468"
688,SpiceJet,SG-8169,"Fri, Apr 1",Guwahati,New Delhi,3h 05m,Non Stop,"3,098"
689,IndiGo,6E-494,"Fri, Apr 1",Guwahati,New Delhi,2h 40m,Non Stop,"3,100"
690,Go First,G8-151,"Thu, Mar 17",Guwahati,New Delhi,2h 45m,Non Stop,"3,100"
691,Air Asia,I5-788,"Thu, Mar 17",Guwahati,New Delhi,2h 45m,Non Stop,"3,100"
692,IndiGo,6E-2564,"Thu, Mar 17",Guwahati,New Delhi,2h 50m,Non Stop,"3,100"
693,IndiGo,6E-509,"Thu, Mar 17",Guwahati,New Delhi,2h 50m,Non Stop,"3,100"
694,Air Asia,I5-786,"Thu, Mar 17",Guwahati,New Delhi,2h 55m,Non Stop,"3,100"
695,IndiGo,6E-5039,"Thu, Mar 17",Guwahati,New Delhi,3h 00m,Non Stop,"3,100"
696,Go First,G8-158,"Thu, Mar 17",Guwahati,New Delhi,3h 00m,Non Stop,"3,100"
697,Air Asia,I5-798,"Thu, Mar 17",Guwahati,New Delhi,2h 55m,Non Stop,"3,202"
698,IndiGo,6E-6234/817,"Thu, Mar 17",Mumbai,New Delhi,4h 05m,1 Stop,"2,337"
699,IndiGo,6E-6084/158,"Thu, Mar 17",Mumbai,New Delhi,5h 20m,1 Stop,"2,337"
700,IndiGo,6E-5361/6685,"Sun, Apr 10",Mumbai,New Delhi,5h 25m,1 Stop,"2,337"
701,IndiGo,6E-6084/6288,"Sun, Apr 10",Mumbai,New Delhi,7h 10m,1 Stop,"2,337"
702,IndiGo,6E-5361/6299,"Sun, Apr 10",Mumbai,New Delhi,7h 25m,1 Stop,"2,337"
703,IndiGo,6E-5381/817,"Sun, Apr 10",Mumbai,New Delhi,8h 05m,1 Stop,"2,337"
704,IndiGo,6E-6084/5011,"Sun, Apr 10",Mumbai,New Delhi,8h 55m,1 Stop,"2,337"
705,IndiGo,6E-6234/6246,"Sun, Apr 10",Mumbai,New Delhi,9h 25m,1 Stop,"2,337"
706,IndiGo,6E-5372/2012,"Sun, Apr 10",Mumbai,New Delhi,10h 50m,1 Stop,"2,337"
707,IndiGo,6E-6222/2279,"Sun, Apr 10",Mumbai,New Delhi,11h 00m,1 Stop,"2,337"
708,IndiGo,6E-468/6684,"Sun, Apr 10",Goa,New Delhi,5h 50m,1 Stop,"3,483"
709,IndiGo,6E-468/2349,"Sun, Apr 10",Goa,New Delhi,7h 10m,1 Stop,"3,483"
710,IndiGo,6E-744/643,"Wed, Feb 23",Goa,New Delhi,10h 35m,1 Stop,"3,483"
711,IndiGo,6E-712/6684,"Wed, Feb 23",Goa,New Delhi,9h 15m,1 Stop,"3,624"
712,IndiGo,6E-712/2349,"Wed, Feb 23",Goa,New Delhi,10h 35m,1 Stop,"3,624"
713,IndiGo,6E-744/2248,"Wed, Feb 23",Goa,New Delhi,8h 35m,1 Stop,"3,821"
714,Go First,G8-381/319,"Wed, Feb 23",Goa,New Delhi,5h 30m,1 Stop,"3,827"
715,Go First,G8-381/321,"Wed, Feb 23",Goa,New Delhi,7h 50m,1 Stop,"3,827"
716,Go First,G8-381/7536,"Wed, Feb 23",Goa,New Delhi,7h 55m,1 Stop,"3,827"
717,Go First,G8-381/391,"Wed, Feb 23",Goa,New Delhi,9h 05m,1 Stop,"3,827"
718,IndiGo,6E-613,"Wed, Feb 23",Chennai,New Delhi,2h 45m,Non Stop,"1,999"
719,Vistara,UK-836,"Wed, Feb 23",Chennai,New Delhi,2h 45m,Non Stop,"2,051"
720,Vistara,UK-832,"Sun, Feb 6",Chennai,New Delhi,2h 50m,Non Stop,"2,051"
721,Air India,AI-440,"Sun, Feb 6",Chennai,New Delhi,2h 45m,Non Stop,"2,271"
722,Air India,AI-539,"Sun, Feb 6",Chennai,New Delhi,2h 50m,Non Stop,"2,271"
723,Air India,AI-538,"Sun, Feb 6",Chennai,New Delhi,2h 50m,Non Stop,"2,271"
724,Air India,AI-430,"Sun, Feb 6",Chennai,New Delhi,3h 05m,Non Stop,"2,271"
725,SpiceJet,SG-8104,"Sun, Feb 6",Chennai,New Delhi,2h 40m,Non Stop,"2,327"
726,IndiGo,6E-2062,"Sun, Feb 6",Chennai,New Delhi,2h 35m,Non Stop,"2,329"
727,IndiGo,6E-2752,"Sun, Feb 6",Chennai,New Delhi,2h 45m,Non Stop,"2,329"
728,IndiGo,6E-6104/587,"Sun, Feb 6",Bangalore,New Delhi,7h 10m,1 Stop,"2,356"
729,IndiGo,6E-6104/2369,"Sun, Feb 6",Bangalore,New Delhi,11h 20m,1 Stop,"2,356"
730,IndiGo,6E-6491/643,"Sun, Feb 6",Bangalore,New Delhi,5h 05m,1 Stop,"2,979"
731,IndiGo,6E-6067/6684,"Sun, Feb 6",Bangalore,New Delhi,7h 25m,1 Stop,"2,979"
732,IndiGo,6E-886/643,"Sun, Feb 6",Bangalore,New Delhi,8h 50m,1 Stop,"2,979"
733,IndiGo,6E-6491/6684,"Sun, Feb 6",Bangalore,New Delhi,10h 40m,1 Stop,"2,979"
734,IndiGo,6E-6104/2481,"Sun, Feb 6",Bangalore,New Delhi,5h 10m,1 Stop,"3,057"
735,IndiGo,6E-436/2481,"Sun, Feb 6",Bangalore,New Delhi,11h 15m,1 Stop,"3,057"
736,Vistara,UK-814,"Sun, Feb 6",Bangalore,New Delhi,2h 35m,Non Stop,"3,233"
737,Vistara,UK-810,"Sun, Feb 6",Bangalore,New Delhi,2h 40m,Non Stop,"3,233"
738,Air India,AI-840,"Sun, Feb 6",Hyderabad,New Delhi,2h 10m,Non Stop,"2,276"
739,Air India,AI-541,"Sun, Feb 6",Hyderabad,New Delhi,2h 15m,Non Stop,"2,276"
740,Air India,AI-559,"Wed, Feb 23",Hyderabad,New Delhi,2h 30m,Non Stop,"2,276"
741,Air India,AI-543,"Wed, Feb 23",Hyderabad,New Delhi,2h 30m,Non Stop,"2,276"
742,IndiGo,6E-6277/2347,"Wed, Feb 23",Hyderabad,New Delhi,5h 15m,1 Stop,"2,276"
743,IndiGo,6E-6277/2072,"Wed, Feb 23",Hyderabad,New Delhi,8h 15m,1 Stop,"2,276"
744,IndiGo,6E-913/648,"Wed, Feb 23",Hyderabad,New Delhi,8h 50m,1 Stop,"2,276"
745,IndiGo,6E-913/7404,"Wed, Feb 23",Hyderabad,New Delhi,11h 00m,1 Stop,"2,276"
746,Air Asia,I5-1543/996,"Wed, Feb 23",Hyderabad,New Delhi,7h 55m,1 Stop,"2,277"
747,Air Asia,I5-1543/722,"Wed, Feb 23",Hyderabad,New Delhi,13h 00m,1 Stop,"2,277"
748,Air Asia,I5-588/996,"Wed, Feb 23",Kolkata,New Delhi,8h 45m,1 Stop,"3,008"
749,Air Asia,I5-583/788,"Wed, Feb 23",Kolkata,New Delhi,9h 05m,2 Stop(s),"3,008"
750,Air Asia,I5-582/482,"Sun, Feb 6",Kolkata,New Delhi,9h 15m,1 Stop,"3,008"
751,Air Asia,I5-1563/1528,"Sun, Feb 6",Kolkata,New Delhi,13h 10m,2 Stop(s),"3,008"
752,SpiceJet,SG-8264,"Sun, Feb 6",Kolkata,New Delhi,2h 30m,Non Stop,"3,011"
753,Go First,G8-227,"Sun, Feb 6",Kolkata,New Delhi,2h 30m,Non Stop,"3,013"
754,Go First,G8-102,"Sun, Feb 6",Kolkata,New Delhi,2h 35m,Non Stop,"3,013"
755,IndiGo,6E-2127,"Sun, Feb 6",Kolkata,New Delhi,2h 30m,Non Stop,"3,014"
756,IndiGo,6E-2474,"Sun, Feb 6",Kolkata,New Delhi,2h 30m,Non Stop,"3,014"
757,IndiGo,6E-6324,"Sun, Feb 6",Kolkata,New Delhi,2h 35m,Non Stop,"3,014"
758,Air India,AI-550/539,"Sun, Feb 6",Port Blair,New Delhi,10h 55m,1 Stop,"5,120"
759,Air India,AI-550/538,"Sun, Feb 6",Port Blair,New Delhi,14h 15m,1 Stop,"5,120"
760,Air India,AI-550/440,"Sun, Feb 6",Port Blair,New Delhi,23h 55m,1 Stop,"5,120"
761,Air India,AI-550/430,"Sun, Feb 6",Port Blair,New Delhi,28h 05m,1 Stop,"5,120"
762,IndiGo,6E-804/613,"Sun, Feb 6",Port Blair,New Delhi,7h 35m,1 Stop,"5,638"
763,SpiceJet,SG-607/8108,"Sun, Feb 6",Port Blair,New Delhi,13h 55m,1 Stop,"5,641"
764,SpiceJet,SG-607/8104,"Sun, Feb 6",Port Blair,New Delhi,21h 30m,1 Stop,"5,641"
765,IndiGo,6E-804/2752,"Sun, Feb 6",Port Blair,New Delhi,9h 00m,1 Stop,"5,968"
766,SpiceJet,SG-254/8130,"Sun, Feb 6",Port Blair,New Delhi,20h 15m,1 Stop,"6,200"
767,Air India,AI-788/763,"Sun, Feb 6",Port Blair,New Delhi,24h 40m,1 Stop,"6,308"
768,SpiceJet,SG-481,"Sun, Feb 6",Patna,New Delhi,1h 45m,Non Stop,"2,274"
769,SpiceJet,SG-8722,"Sun, Feb 6",Patna,New Delhi,1h 50m,Non Stop,"2,274"
770,IndiGo,6E-2163,"Wed, Mar 2",Patna,New Delhi,1h 45m,Non Stop,"2,276"
771,Go First,G8-168,"Wed, Mar 2",Patna,New Delhi,1h 50m,Non Stop,"2,276"
772,Go First,G8-7539,"Wed, Mar 2",Patna,New Delhi,1h 50m,Non Stop,"2,276"
773,IndiGo,6E-5004,"Wed, Mar 2",Patna,New Delhi,1h 50m,Non Stop,"2,276"
774,IndiGo,6E-2167,"Wed, Mar 2",Patna,New Delhi,1h 50m,Non Stop,"2,276"
775,IndiGo,6E-185,"Wed, Mar 2",Patna,New Delhi,1h 50m,Non Stop,"2,276"
776,IndiGo,6E-2055,"Wed, Mar 2",Patna,New Delhi,1h 50m,Non Stop,"2,276"
777,IndiGo,6E-2033,"Wed, Mar 2",Patna,New Delhi,2h 05m,Non Stop,"2,276"
778,IndiGo,6E-836/632,"Wed, Mar 2",Pune,New Delhi,4h 25m,1 Stop,"2,468"
779,IndiGo,6E-819/5011,"Wed, Mar 2",Pune,New Delhi,4h 35m,1 Stop,"2,468"
780,IndiGo,6E-242/636,"Fri, Apr 1",Pune,New Delhi,5h 05m,1 Stop,"2,468"
781,IndiGo,6E-836/6733,"Fri, Apr 1",Pune,New Delhi,5h 35m,1 Stop,"2,468"
782,IndiGo,6E-284/962,"Fri, Apr 1",Pune,New Delhi,7h 45m,1 Stop,"2,468"
783,IndiGo,6E-6117/6606,"Fri, Apr 1",Pune,New Delhi,7h 50m,1 Stop,"2,468"
784,IndiGo,6E-836/6274,"Fri, Apr 1",Pune,New Delhi,8h 40m,1 Stop,"2,468"
785,IndiGo,6E-6745/636,"Fri, Apr 1",Pune,New Delhi,9h 00m,1 Stop,"2,468"
786,IndiGo,6E-6564/6559,"Fri, Apr 1",Pune,New Delhi,10h 15m,1 Stop,"2,468"
787,IndiGo,6E-836/243,"Fri, Apr 1",Pune,New Delhi,10h 35m,1 Stop,"2,468"
788,SpiceJet,SG-8169,"Fri, Apr 1",Guwahati,New Delhi,3h 05m,Non Stop,"3,098"
789,IndiGo,6E-494,"Fri, Apr 1",Guwahati,New Delhi,2h 40m,Non Stop,"3,100"
790,Go First,G8-151,"Thu, Mar 17",Guwahati,New Delhi,2h 45m,Non Stop,"3,100"
791,Air Asia,I5-788,"Thu, Mar 17",Guwahati,New Delhi,2h 45m,Non Stop,"3,100"
792,IndiGo,6E-2564,"Thu, Mar 17",Guwahati,New Delhi,2h 50m,Non Stop,"3,100"
793,IndiGo,6E-509,"Thu, Mar 17",Guwahati,New Delhi,2h 50m,Non Stop,"3,100"
794,Air Asia,I5-786,"Thu, Mar 17",Guwahati,New Delhi,2h 55m,Non Stop,"3,100"
795,IndiGo,6E-5039,"Thu, Mar 17",Guwahati,New Delhi,3h 00m,Non Stop,"3,100"
796,Go First,G8-158,"Thu, Mar 17",Guwahati,New Delhi,3h 00m,Non Stop,"3,100"
797,Air Asia,I5-798,"Thu, Mar 17",Guwahati,New Delhi,2h 55m,Non Stop,"3,202"
798,Air India,AI-696,"Thu, Mar 17",Varanasi,Mumbai,2h 15m,Non Stop,"3,732"
799,IndiGo,6E-5377,"Thu, Mar 17",Varanasi,Mumbai,2h 15m,Non Stop,"3,732"
800,IndiGo,6E-916/903,"Mon, Apr 11",Varanasi,Mumbai,4h 55m,1 Stop,"3,732"
801,IndiGo,6E-6024/218,"Mon, Apr 11",Varanasi,Mumbai,5h 55m,1 Stop,"3,732"
802,IndiGo,6E-6024/6202,"Mon, Apr 11",Varanasi,Mumbai,7h 05m,1 Stop,"3,732"
803,IndiGo,6E-916/6268,"Mon, Apr 11",Varanasi,Mumbai,7h 40m,1 Stop,"3,732"
804,IndiGo,6E-916/584,"Mon, Apr 11",Varanasi,Mumbai,9h 10m,1 Stop,"3,732"
805,IndiGo,6E-6024/2176,"Mon, Apr 11",Varanasi,Mumbai,9h 25m,1 Stop,"3,732"
806,IndiGo,6E-6024/864,"Mon, Apr 11",Varanasi,Mumbai,11h 10m,1 Stop,"3,732"
807,IndiGo,6E-916/884,"Mon, Apr 11",Varanasi,Mumbai,11h 45m,1 Stop,"3,732"
808,Vistara,UK-652,"Mon, Apr 11",Chandigarh,Mumbai,2h 30m,Non Stop,"3,397"
809,Vistara,UK-654,"Mon, Apr 11",Chandigarh,Mumbai,2h 35m,Non Stop,"3,397"
810,Go First,G8-382,"Tue, Feb 15",Chandigarh,Mumbai,2h 25m,Non Stop,"3,398"
811,IndiGo,6E-264,"Tue, Feb 15",Chandigarh,Mumbai,2h 25m,Non Stop,"3,398"
812,Go First,G8-2507,"Tue, Feb 15",Chandigarh,Mumbai,2h 25m,Non Stop,"3,398"
813,Go First,G8-465,"Tue, Feb 15",Chandigarh,Mumbai,2h 30m,Non Stop,"3,398"
814,IndiGo,6E-506,"Tue, Feb 15",Chandigarh,Mumbai,2h 35m,Non Stop,"3,398"
815,Go First,G8-2503,"Tue, Feb 15",Chandigarh,Mumbai,2h 25m,Non Stop,"4,097"
816,Go First,G8-913/537,"Tue, Feb 15",Chandigarh,Mumbai,5h 20m,1 Stop,"4,183"
817,Go First,G8-913/413,"Tue, Feb 15",Chandigarh,Mumbai,9h 55m,1 Stop,"4,183"
818,Air Asia,I5-764,"Tue, Feb 15",New Delhi,Mumbai,2h 10m,Non Stop,"2,410"
819,IndiGo,6E-5001,"Tue, Feb 15",New Delhi,Mumbai,2h 10m,Non Stop,"2,410"
820,IndiGo,6E-6202,"Sun, Feb 13",New Delhi,Mumbai,2h 10m,Non Stop,"2,410"
821,IndiGo,6E-2046,"Sun, Feb 13",New Delhi,Mumbai,2h 10m,Non Stop,"2,410"
822,IndiGo,6E-5041,"Sun, Feb 13",New Delhi,Mumbai,2h 10m,Non Stop,"2,410"
823,IndiGo,6E-549,"Sun, Feb 13",New Delhi,Mumbai,2h 15m,Non Stop,"2,410"
824,Air Asia,I5-482,"Sun, Feb 13",New Delhi,Mumbai,2h 15m,Non Stop,"2,410"
825,IndiGo,6E-6722,"Sun, Feb 13",New Delhi,Mumbai,2h 15m,Non Stop,"2,410"
826,IndiGo,6E-6278,"Sun, Feb 13",New Delhi,Mumbai,2h 20m,Non Stop,"2,410"
827,IndiGo,6E-5328,"Sun, Feb 13",New Delhi,Mumbai,2h 30m,Non Stop,"2,410"
828,Vistara,UK-842,"Sun, Feb 13",Goa,Mumbai,1h 25m,Non Stop,"1,999"
829,Go First,G8-381,"Sun, Feb 13",Goa,Mumbai,1h 10m,Non Stop,"2,000"
830,IndiGo,6E-5324,"Wed, Feb 9",Goa,Mumbai,1h 15m,Non Stop,"2,000"
831,IndiGo,6E-714,"Wed, Feb 9",Goa,Mumbai,1h 15m,Non Stop,"2,000"
832,Go First,G8-332,"Wed, Feb 9",Goa,Mumbai,1h 20m,Non Stop,"2,000"
833,Go First,G8-2606,"Wed, Feb 9",Goa,Mumbai,1h 20m,Non Stop,"2,000"
834,Go First,G8-372,"Wed, Feb 9",Goa,Mumbai,1h 25m,Non Stop,"2,000"
835,Go First,G8-380,"Wed, Feb 9",Goa,Mumbai,1h 25m,Non Stop,"2,000"
836,SpiceJet,SG-476,"Wed, Feb 9",Goa,Mumbai,1h 15m,Non Stop,"2,065"
837,SpiceJet,SG-454,"Wed, Feb 9",Goa,Mumbai,1h 15m,Non Stop,"2,065"
838,SpiceJet,SG-489,"Wed, Feb 9",Kolkata,Mumbai,2h 50m,Non Stop,"3,378"
839,Go First,G8-512,"Wed, Feb 9",Kolkata,Mumbai,2h 50m,Non Stop,"3,380"
840,Go First,G8-519,"Thu, Feb 17",Kolkata,Mumbai,2h 50m,Non Stop,"3,380"
841,Vistara,UK-772,"Thu, Feb 17",Kolkata,Mumbai,2h 35m,Non Stop,"3,381"
842,Vistara,UK-776,"Thu, Feb 17",Kolkata,Mumbai,2h 45m,Non Stop,"3,381"
843,IndiGo,6E-318,"Thu, Feb 17",Kolkata,Mumbai,2h 50m,Non Stop,"3,381"
844,Vistara,UK-774,"Thu, Feb 17",Kolkata,Mumbai,2h 55m,Non Stop,"3,381"
845,IndiGo,6E-6965,"Thu, Feb 17",Kolkata,Mumbai,3h 00m,Non Stop,"3,381"
846,IndiGo,6E-139,"Thu, Feb 17",Kolkata,Mumbai,3h 10m,Non Stop,"3,381"
847,Go First,G8-7562,"Thu, Feb 17",Kolkata,Mumbai,2h 50m,Non Stop,"3,930"
848,Go First,G8-2306/7535,"Thu, Feb 17",Dehradun,Mumbai,4h 05m,1 Stop,"2,814"
849,Go First,G8-2306/323,"Thu, Feb 17",Dehradun,Mumbai,5h 25m,1 Stop,"2,814"
850,Go First,G8-2306/346,"Sun, Feb 13",Dehradun,Mumbai,6h 55m,1 Stop,"2,814"
851,Go First,G8-2306/330,"Sun, Feb 13",Dehradun,Mumbai,8h 15m,1 Stop,"2,814"
852,Go First,G8-2306/354,"Sun, Feb 13",Dehradun,Mumbai,9h 40m,1 Stop,"2,814"
853,Go First,G8-2306/2501,"Sun, Feb 13",Dehradun,Mumbai,13h 15m,1 Stop,"2,814"
854,SpiceJet,SG-3762/8709,"Sun, Feb 13",Dehradun,Mumbai,9h 25m,1 Stop,"3,391"
855,SpiceJet,SG-3762/8169,"Sun, Feb 13",Dehradun,Mumbai,10h 25m,1 Stop,"3,391"
856,SpiceJet,SG-2861/8709,"Sun, Feb 13",Dehradun,Mumbai,12h 50m,1 Stop,"3,391"
857,SpiceJet,SG-2861/8169,"Sun, Feb 13",Dehradun,Mumbai,13h 50m,1 Stop,"3,391"
858,IndiGo,6E-6152,"Sun, Feb 13",Coimbatore,Mumbai,2h 00m,Non Stop,"2,871"
859,IndiGo,6E-5348,"Sun, Feb 13",Coimbatore,Mumbai,2h 00m,Non Stop,"2,871"
860,IndiGo,6E-6918/929,"Wed, Mar 16",Coimbatore,Mumbai,4h 55m,1 Stop,"2,871"
861,IndiGo,6E-532/5399,"Wed, Mar 16",Coimbatore,Mumbai,5h 15m,1 Stop,"2,871"
862,IndiGo,6E-913/903,"Wed, Mar 16",Coimbatore,Mumbai,7h 00m,1 Stop,"2,871"
863,IndiGo,6E-532/295,"Wed, Mar 16",Coimbatore,Mumbai,9h 20m,1 Stop,"2,871"
864,IndiGo,6E-6918/126,"Wed, Mar 16",Coimbatore,Mumbai,9h 35m,1 Stop,"2,871"
865,IndiGo,6E-913/5369,"Wed, Mar 16",Coimbatore,Mumbai,9h 40m,1 Stop,"2,871"
866,IndiGo,6E-532/5389,"Wed, Mar 16",Coimbatore,Mumbai,10h 35m,1 Stop,"2,871"
867,IndiGo,6E-6918/5367,"Wed, Mar 16",Coimbatore,Mumbai,10h 35m,1 Stop,"2,871"
868,Go First,G8-385,"Wed, Mar 16",Bangalore,Mumbai,1h 35m,Non Stop,"5,177"
869,Go First,G8-395,"Wed, Mar 16",Bangalore,Mumbai,1h 40m,Non Stop,"5,177"
870,Go First,G8-7547,"Sat, Feb 5",Bangalore,Mumbai,1h 40m,Non Stop,"5,177"
871,Go First,G8-7548,"Sat, Feb 5",Bangalore,Mumbai,1h 40m,Non Stop,"5,177"
872,Go First,G8-320,"Sat, Feb 5",Bangalore,Mumbai,1h 50m,Non Stop,"5,177"
873,Go First,G8-399,"Sat, Feb 5",Bangalore,Mumbai,1h 55m,Non Stop,"5,177"
874,Go First,G8-283/601,"Sat, Feb 5",Bangalore,Mumbai,6h 45m,2 Stop(s),"5,177"
875,Go First,G8-116/7533,"Sat, Feb 5",Bangalore,Mumbai,8h 15m,1 Stop,"5,177"
876,Go First,G8-116/336,"Sat, Feb 5",Bangalore,Mumbai,9h 15m,1 Stop,"5,177"
877,Go First,G8-801/2505,"Sat, Feb 5",Bangalore,Mumbai,9h 30m,1 Stop,"5,177"
878,IndiGo,6E-349,"Sat, Feb 5",Kochi,Mumbai,2h 00m,Non Stop,"2,104"
879,IndiGo,6E-5215,"Sat, Feb 5",Kochi,Mumbai,2h 00m,Non Stop,"2,104"
880,Go First,G8-7558,"Sat, Feb 19",Kochi,Mumbai,2h 00m,Non Stop,"2,104"
881,Go First,G8-345,"Sat, Feb 19",Kochi,Mumbai,2h 00m,Non Stop,"2,104"
882,Go First,G8-348,"Sat, Feb 19",Kochi,Mumbai,2h 05m,Non Stop,"2,104"
883,Air Asia,I5-628,"Sat, Feb 19",Kochi,Mumbai,2h 10m,Non Stop,"2,106"
884,Air India,AI-699,"Sat, Feb 19",Kochi,Mumbai,2h 00m,Non Stop,"2,107"
885,Go First,G8-805/7547,"Sat, Feb 19",Kochi,Mumbai,5h 15m,1 Stop,"3,694"
886,Go First,G8-805/7548,"Sat, Feb 19",Kochi,Mumbai,14h 15m,1 Stop,"3,694"
887,Air Asia,I5-992/941,"Sat, Feb 19",Kochi,Mumbai,9h 50m,1 Stop,"3,770"
888,IndiGo,6E-6031,"Sat, Feb 19",Jaipur,Mumbai,1h 45m,Non Stop,"2,345"
889,IndiGo,6E-5381,"Sat, Feb 19",Jaipur,Mumbai,1h 50m,Non Stop,"2,345"
890,IndiGo,6E-5383,"Wed, Mar 9",Jaipur,Mumbai,1h 55m,Non Stop,"2,345"
891,Air Asia,I5-942,"Wed, Mar 9",Jaipur,Mumbai,2h 00m,Non Stop,"2,345"
892,Air Asia,I5-679,"Wed, Mar 9",Jaipur,Mumbai,2h 00m,Non Stop,"2,345"
893,IndiGo,6E-7276/264,"Wed, Mar 9",Jaipur,Mumbai,6h 15m,1 Stop,"2,345"
894,IndiGo,6E-7273/628,"Wed, Mar 9",Jaipur,Mumbai,7h 10m,1 Stop,"2,345"
895,IndiGo,6E-768/5324,"Wed, Mar 9",Jaipur,Mumbai,7h 30m,1 Stop,"2,345"
896,IndiGo,6E-7359/957,"Wed, Mar 9",Jaipur,Mumbai,9h 05m,1 Stop,"2,345"
897,IndiGo,6E-7276/506,"Wed, Mar 9",Jaipur,Mumbai,10h 15m,1 Stop,"2,345"
898,IndiGo,6E-6021/371,"Wed, Mar 9",Kolkata,Bangalore,5h 40m,1 Stop,"3,486"
899,IndiGo,6E-496/827,"Wed, Mar 9",Kolkata,Bangalore,6h 30m,1 Stop,"3,486"
900,IndiGo,6E-6021/285,"Sat, Apr 9",Kolkata,Bangalore,6h 50m,1 Stop,"3,486"
901,IndiGo,6E-6021/6505,"Sat, Apr 9",Kolkata,Bangalore,8h 55m,1 Stop,"3,486"
902,IndiGo,6E-6172/413,"Sat, Apr 9",Kolkata,Bangalore,8h 55m,1 Stop,"3,486"
903,Air Asia,I5-510/1543,"Sat, Apr 9",Kolkata,Bangalore,10h 50m,1 Stop,"3,565"
904,Air Asia,I5-541/1565,"Sat, Apr 9",Kolkata,Bangalore,5h 50m,1 Stop,"3,644"
905,Air Asia,I5-582/2393,"Sat, Apr 9",Kolkata,Bangalore,9h 15m,1 Stop,"3,644"
906,Air Asia,I5-371/1229,"Sat, Apr 9",Kolkata,Bangalore,9h 25m,1 Stop,"3,644"
907,Air Asia,I5-510/1229,"Sat, Apr 9",Kolkata,Bangalore,12h 20m,2 Stop(s),"3,644"
908,IndiGo,6E-6116/6877,"Sat, Apr 9",Jaipur,Bangalore,7h 55m,1 Stop,"2,989"
909,IndiGo,6E-6031/825,"Sat, Apr 9",Jaipur,Bangalore,5h 00m,1 Stop,"3,494"
910,IndiGo,6E-577/739,"Thu, Mar 31",Jaipur,Bangalore,8h 10m,1 Stop,"3,494"
911,IndiGo,6E-577/825,"Thu, Mar 31",Jaipur,Bangalore,9h 50m,1 Stop,"3,494"
912,IndiGo,6E-498,"Thu, Mar 31",Jaipur,Bangalore,2h 25m,Non Stop,"3,539"
913,IndiGo,6E-839,"Thu, Mar 31",Jaipur,Bangalore,2h 30m,Non Stop,"3,539"
914,IndiGo,6E-373,"Thu, Mar 31",Jaipur,Bangalore,2h 30m,Non Stop,"3,539"
915,IndiGo,6E-556,"Thu, Mar 31",Jaipur,Bangalore,2h 40m,Non Stop,"3,539"
916,IndiGo,6E-752/151,"Thu, Mar 31",Jaipur,Bangalore,4h 20m,1 Stop,"3,539"
917,IndiGo,6E-752/6066,"Thu, Mar 31",Jaipur,Bangalore,5h 30m,1 Stop,"3,539"
918,IndiGo,6E-2147/413,"Thu, Mar 31",New Delhi,Bangalore,11h 00m,1 Stop,"2,810"
919,IndiGo,6E-2331/827,"Thu, Mar 31",New Delhi,Bangalore,6h 35m,1 Stop,"2,863"
920,IndiGo,6E-221/681,"Sun, Mar 20",New Delhi,Bangalore,5h 15m,1 Stop,"3,091"
921,IndiGo,6E-2769/302,"Sun, Mar 20",New Delhi,Bangalore,6h 15m,1 Stop,"3,091"
922,IndiGo,6E-2753/103,"Sun, Mar 20",New Delhi,Bangalore,6h 30m,1 Stop,"3,091"
923,IndiGo,6E-2753/681,"Sun, Mar 20",New Delhi,Bangalore,9h 10m,1 Stop,"3,091"
924,IndiGo,6E-2471/302,"Sun, Mar 20",New Delhi,Bangalore,10h 50m,1 Stop,"3,091"
925,Vistara,UK-811,"Sun, Mar 20",New Delhi,Bangalore,2h 45m,Non Stop,"3,169"
926,Vistara,UK-815,"Sun, Mar 20",New Delhi,Bangalore,2h 45m,Non Stop,"3,169"
927,Vistara,UK-801,"Sun, Mar 20",New Delhi,Bangalore,2h 45m,Non Stop,"3,169"
928,IndiGo,6E-435,"Sun, Mar 20",Lucknow,Bangalore,2h 40m,Non Stop,"2,991"
929,IndiGo,6E-325,"Sun, Mar 20",Lucknow,Bangalore,2h 45m,Non Stop,"2,991"
930,IndiGo,6E-142/758,"Fri, Feb 25",Lucknow,Bangalore,5h 55m,1 Stop,"2,991"
931,IndiGo,6E-362/219,"Fri, Feb 25",Lucknow,Bangalore,7h 35m,1 Stop,"2,991"
932,IndiGo,6E-104/958,"Fri, Feb 25",Lucknow,Bangalore,7h 45m,1 Stop,"2,991"
933,IndiGo,6E-6274/2028,"Fri, Feb 25",Lucknow,Bangalore,7h 50m,1 Stop,"2,991"
934,IndiGo,6E-104/292,"Fri, Feb 25",Lucknow,Bangalore,9h 30m,1 Stop,"2,991"
935,IndiGo,6E-362/236,"Fri, Feb 25",Lucknow,Bangalore,10h 25m,1 Stop,"2,991"
936,IndiGo,6E-104/534,"Fri, Feb 25",Lucknow,Bangalore,11h 45m,1 Stop,"2,991"
937,IndiGo,6E-362/331,"Fri, Feb 25",Lucknow,Bangalore,12h 05m,1 Stop,"2,991"
938,Air India,AI-889/716/747,"Fri, Feb 25",Guwahati,Bangalore,37h 05m,2 Stop(s),"8,139"
939,IndiGo,6E-509/2336,"Fri, Feb 25",Guwahati,Bangalore,12h 20m,1 Stop,"9,017"
940,SpiceJet,SG-4032/516,"Sat, Feb 5",Guwahati,Bangalore,12h 55m,1 Stop,"9,037"
941,SpiceJet,SG-3723/767,"Sat, Feb 5",Guwahati,Bangalore,13h 40m,1 Stop,"9,037"
942,SpiceJet,SG-4026/406,"Sat, Feb 5",Guwahati,Bangalore,14h 40m,1 Stop,"9,037"
943,SpiceJet,SG-4026/516,"Sat, Feb 5",Guwahati,Bangalore,24h 30m,1 Stop,"9,037"
944,Vistara,UK-756,"Sat, Feb 5",Guwahati,Bangalore,3h 05m,Non Stop,"9,039"
945,Air Asia,I5-1541,"Sat, Feb 5",Guwahati,Bangalore,3h 15m,Non Stop,"9,039"
946,IndiGo,6E-316,"Sat, Feb 5",Guwahati,Bangalore,3h 30m,Non Stop,"9,039"
947,Air Asia,I5-788/740,"Sat, Feb 5",Guwahati,Bangalore,15h 50m,1 Stop,"9,039"
948,IndiGo,6E-5352,"Sat, Feb 5",Mumbai,Bangalore,1h 35m,Non Stop,"2,124"
949,IndiGo,6E-5338,"Sat, Feb 5",Mumbai,Bangalore,1h 45m,Non Stop,"2,124"
950,IndiGo,6E-6478,"Thu, Apr 14",Mumbai,Bangalore,1h 45m,Non Stop,"2,124"
951,IndiGo,6E-219,"Thu, Apr 14",Mumbai,Bangalore,1h 45m,Non Stop,"2,124"
952,IndiGo,6E-236,"Thu, Apr 14",Mumbai,Bangalore,1h 45m,Non Stop,"2,124"
953,IndiGo,6E-825,"Thu, Apr 14",Mumbai,Bangalore,1h 45m,Non Stop,"2,124"
954,IndiGo,6E-6463,"Thu, Apr 14",Mumbai,Bangalore,1h 50m,Non Stop,"2,124"
955,IndiGo,6E-6293,"Thu, Apr 14",Mumbai,Bangalore,1h 50m,Non Stop,"2,124"
956,IndiGo,6E-5345,"Thu, Apr 14",Mumbai,Bangalore,1h 55m,Non Stop,"2,124"
957,IndiGo,6E-739,"Thu, Apr 14",Mumbai,Bangalore,1h 55m,Non Stop,"2,124"
958,Air India,9I-9548,"Thu, Apr 14",Goa,Bangalore,1h 30m,Non Stop,"2,430"
959,SpiceJet,SG-3028,"Thu, Apr 14",Goa,Bangalore,1h 30m,Non Stop,"2,598"
960,Go First,G8-286,"Sun, Feb 6",Goa,Bangalore,1h 10m,Non Stop,"2,600"
961,IndiGo,6E-491,"Sun, Feb 6",Goa,Bangalore,1h 20m,Non Stop,"2,600"
962,IndiGo,6E-381,"Sun, Feb 6",Goa,Bangalore,1h 25m,Non Stop,"2,600"
963,Vistara,UK-868,"Sun, Feb 6",Goa,Bangalore,1h 20m,Non Stop,"2,902"
964,Go First,G8-381/7545,"Sun, Feb 6",Goa,Bangalore,7h 30m,1 Stop,"3,610"
965,Go First,G8-381/383,"Sun, Feb 6",Goa,Bangalore,9h 30m,1 Stop,"3,610"
966,Air India,AI-684/607,"Sun, Feb 6",Goa,Bangalore,11h 25m,1 Stop,"3,858"
967,Air India,AI-692/515,"Sun, Feb 6",Goa,Bangalore,23h 40m,2 Stop(s),"3,963"
968,IndiGo,6E-925/489,"Sun, Feb 6",Patna,Bangalore,7h 05m,1 Stop,"3,443"
969,Air India,AI-574,"Sun, Feb 6",Patna,Bangalore,2h 50m,Non Stop,"3,669"
970,IndiGo,6E-2685/441,"Tue, Mar 1",Patna,Bangalore,6h 20m,1 Stop,"3,669"
971,IndiGo,6E-5374/236,"Tue, Mar 1",Patna,Bangalore,6h 20m,1 Stop,"3,669"
972,IndiGo,6E-2163/2188,"Tue, Mar 1",Patna,Bangalore,7h 00m,1 Stop,"3,669"
973,IndiGo,6E-5004/2028,"Tue, Mar 1",Patna,Bangalore,7h 20m,1 Stop,"3,669"
974,IndiGo,6E-5374/331,"Tue, Mar 1",Patna,Bangalore,8h 00m,1 Stop,"3,669"
975,IndiGo,6E-5374/5391,"Tue, Mar 1",Patna,Bangalore,9h 40m,1 Stop,"3,669"
976,IndiGo,6E-2163/2028,"Tue, Mar 1",Patna,Bangalore,10h 05m,1 Stop,"3,669"
977,IndiGo,6E-5004/654,"Tue, Mar 1",Patna,Bangalore,10h 05m,1 Stop,"3,669"
978,Go First,G8-509,"Tue, Mar 1",Hyderabad,Bangalore,1h 00m,Non Stop,"1,776"
979,Vistara,UK-894,"Tue, Mar 1",Hyderabad,Bangalore,1h 00m,Non Stop,"1,776"
980,IndiGo,6E-285,"Sun, Feb 6",Hyderabad,Bangalore,1h 05m,Non Stop,"1,776"
981,Vistara,UK-898,"Sun, Feb 6",Hyderabad,Bangalore,1h 10m,Non Stop,"1,776"
982,Air Asia,I5-1543,"Sun, Feb 6",Hyderabad,Bangalore,1h 10m,Non Stop,"1,776"
983,Air Asia,I5-1518,"Sun, Feb 6",Hyderabad,Bangalore,1h 10m,Non Stop,"1,776"
984,IndiGo,6E-6319,"Sun, Feb 6",Hyderabad,Bangalore,1h 15m,Non Stop,"1,776"
985,Go First,G8-517,"Sun, Feb 6",Hyderabad,Bangalore,1h 15m,Non Stop,"1,776"
986,IndiGo,6E-827,"Sun, Feb 6",Hyderabad,Bangalore,1h 20m,Non Stop,"1,776"
987,IndiGo,6E-413,"Sun, Feb 6",Hyderabad,Bangalore,1h 30m,Non Stop,"1,776"
988,Air India,9I-9502,"Sun, Feb 6",Vijayawada,Bangalore,1h 40m,Non Stop,"4,269"
989,IndiGo,6E-7203,"Sun, Feb 6",Vijayawada,Bangalore,1h 45m,Non Stop,"4,269"
990,IndiGo,6E-7224,"Mon, Jan 31",Vijayawada,Bangalore,1h 50m,Non Stop,"4,269"
991,IndiGo,6E-7209/827,"Mon, Jan 31",Vijayawada,Bangalore,5h 25m,1 Stop,"7,209"
992,IndiGo,6E-7206/6319,"Mon, Jan 31",Vijayawada,Bangalore,6h 10m,1 Stop,"7,209"
993,IndiGo,6E-7206/371,"Mon, Jan 31",Vijayawada,Bangalore,7h 15m,1 Stop,"7,209"
994,IndiGo,6E-7206/285,"Mon, Jan 31",Vijayawada,Bangalore,8h 25m,1 Stop,"7,209"
995,Air India,9I-9892/508,"Mon, Jan 31",Vijayawada,Bangalore,18h 40m,1 Stop,"7,314"
996,Air India,9I-9892/698/639,"Mon, Jan 31",Vijayawada,Bangalore,15h 30m,2 Stop(s),"12,039"
997,Air India,AI-468/665/607,"Mon, Jan 31",Vijayawada,Bangalore,21h 50m,2 Stop(s),"12,315"
998,Air India,AI-544,"Mon, Jan 31",New Delhi,Hyderabad,2h 05m,Non Stop,"2,098"
999,Air India,AI-542,"Mon, Jan 31",New Delhi,Hyderabad,2h 10m,Non Stop,"2,098"
